,0,1,2,3,4,5,6,7,8
0,ФИО_0,63.9,t,"АО ""ТВЭЛ"" 1",3,63.9,t,"АО ""ТВЭЛ"" 1",3.0
1,ФИО_1,19.18,t,ЛУЧTimes,2,19.18,t,ЛУЧTimes,2.0
2,ФИО_2,13.78,s,13.78,s,,,,
3,ФИО_3,38.48,s,38.48,s,,,,
4,ФИО_4,48,t,КМТ,2,48,t,КМТ,2.0
5,ФИО_5,59.38,t,МАЯК ЯОК,3,59.38,t,МАЯК ЯОК,3.0
6,ФИО_6,18.48,t,ГУАП,2,18.48,t,ГУАП,2.0
7,ФИО_7,43.45,t,АО АСЭ-2,2,43.45,t,АО АСЭ-2,2.0
8,ФИО_8,35.22,s,35.22,s,,,,
9,ФИО_9,5,t,"АО ""ЕВРАЗ ЗСМК""",4,5,t,"АО ""ЕВРАЗ ЗСМК""",4.0
10,ФИО_10,38.02,t,"Рабочее место 10 Команда ""АЭМ-""ПЗМ""",2,38.02,t,"Рабочее место 10 Команда ""АЭМ-""ПЗМ""",2.0
11,ФИО_11,64.1,t,ТВЭЛ,4,64.1,t,ТВЭЛ,4.0
12,ФИО_12,32.64,s,32.64,s,,,,
13,ФИО_13,60.1,s,60.1,s,,,,
14,ФИО_14,43.58,s,43.58,s,,,,
15,ФИО_15,48.25,s,48.25,s,,,,
16,ФИО_16,48,t,№ 2,2,48,t,№ 2,2.0
17,ФИО_17,69.17,t,АСЭ Team-1,3,69.17,t,АСЭ Team-1,3.0
18,ФИО_18,85.35,t,Концерн,2,85.35,t,Концерн,2.0
19,ФИО_19,5,t,ВНИПИ_в_координатах,4,5,t,ВНИПИ_в_координатах,4.0
20,ФИО_20,83.44,t,"АО ""ТВЭЛ""",3,83.44,t,"АО ""ТВЭЛ""",3.0
21,ФИО_21,56.5,t,Альфа,2,56.5,t,Альфа,2.0
22,ФИО_22,38.4,t,Бабенко/Трифонов ЯОК,2,38.4,t,Бабенко/Трифонов ЯОК,2.0
23,ФИО_23,32.98,s,32.98,s,,,,
24,ФИО_24,5,t,МАЯК_1,4,5,t,МАЯК_1,4.0
25,ФИО_25,44.54,t,"АО ""ТВЭЛ"" 2",7,44.54,t,"АО ""ТВЭЛ"" 2",7.0
26,ФИО_26,72.05,t,Горнорудный дивизион,2,72.05,t,Горнорудный дивизион,2.0
27,ФИО_27,62.02,t,"АО ""ТВЭЛ"" 2",4,62.02,t,"АО ""ТВЭЛ"" 2",4.0
28,ФИО_28,54.71,t,АЭП_2_Енотики_и_точка,4,54.71,t,АЭП_2_Енотики_и_точка,4.0
29,ФИО_29,41.88,t,Концерн команда-2,7,41.88,t,Концерн команда-2,7.0
30,ФИО_30,79.37,t,ОДИЦ,4,79.37,t,ОДИЦ,4.0
31,ФИО_31,5,t,ВНИПИ_в_координатах,4,5,t,ВНИПИ_в_координатах,4.0
32,ФИО_32,61.82,s,61.82,s,,,,
33,ФИО_33,42.69,t,"АО ""ТВЭЛ"" 1",7,42.69,t,"АО ""ТВЭЛ"" 1",7.0
34,ФИО_34,60.29,s,60.29,s,,,,
35,ФИО_35,51.27,t,"АО ""Русатом Оверсиз""",2,51.27,t,"АО ""Русатом Оверсиз""",2.0
36,ФИО_36,5,t,ВНИПИ_1,4,5,t,ВНИПИ_1,4.0
37,ФИО_37,56.81,s,56.81,s,,,,
38,ФИО_38,35.95,s,35.95,s,,,,
39,ФИО_39,59.39,t,"ЯОК ""МАЯК""",7,59.39,t,"ЯОК ""МАЯК""",7.0
40,ФИО_40,61.71,t,ПЗМ,3,61.71,t,ПЗМ,3.0
41,ФИО_41,66.78,t,"АО ""РИР"" Team-2",3,66.78,t,"АО ""РИР"" Team-2",3.0
42,ФИО_42,69.9,s,69.9,s,,,,
43,ФИО_43,59.35,s,59.35,s,,,,
44,ФИО_44,60.84,s,60.84,s,,,,
45,ФИО_45,63.25,t,№ 5,2,63.25,t,№ 5,2.0
46,ФИО_46,18.83,s,18.83,s,,,,
47,ФИО_47,10.94,s,10.94,s,,,,
48,ФИО_48,5,t,ГСПИ_2,4,5,t,ГСПИ_2,4.0
49,ФИО_49,59.39,s,59.39,s,,,,
50,ФИО_50,45.84,t,"ФГУП ""ПСЗ""",2,45.84,t,"ФГУП ""ПСЗ""",2.0
51,ФИО_51,13.64,t,НИЯУ МИФИ,2,13.64,t,НИЯУ МИФИ,2.0
52,ФИО_52,52.72,s,52.72,s,,,,
53,ФИО_53,36.01,s,36.01,s,,,,
54,ФИО_54,44.88,t,"АО ""Атомэнергомаш""",2,44.88,t,"АО ""Атомэнергомаш""",2.0
55,ФИО_55,64.96,t,НИЯУ МИФИ 2,2,64.96,t,НИЯУ МИФИ 2,2.0
56,ФИО_56,5,t,МАЯК_1,4,5,t,МАЯК_1,4.0
57,ФИО_57,19.89,s,19.89,s,,,,
58,ФИО_58,39.07,s,39.07,s,,,,
59,ФИО_59,65.17,t,Экологические решения,3,65.17,t,Экологические решения,3.0
60,ФИО_60,88.25,t,№ 6,2,88.25,t,№ 6,2.0
61,ФИО_61,35.18,s,35.18,s,,,,
62,ФИО_62,59.39,t,"ЯОК ""МАЯК""",7,59.39,t,"ЯОК ""МАЯК""",7.0
63,ФИО_63,5,t,ГСПИ_2,4,5,t,ГСПИ_2,4.0
64,ФИО_64,56.36,t,"АО ""ТВЭЛ"" 2",3,56.36,t,"АО ""ТВЭЛ"" 2",3.0
65,ФИО_65,7.51,s,7.51,s,,,,
66,ФИО_66,42.69,t,"АО ""ТВЭЛ"" 1",7,42.69,t,"АО ""ТВЭЛ"" 1",7.0
67,ФИО_67,55.65,s,55.65,s,,,,
68,ФИО_68,9.8,t,ГУАП,2,9.8,t,ГУАП,2.0
69,ФИО_69,51.27,t,"АО ""Русатом Оверсиз""",2,51.27,t,"АО ""Русатом Оверсиз""",2.0
70,ФИО_70,16.23,s,16.23,s,,,,
71,ФИО_71,45.05,t,РАО,2,45.05,t,РАО,2.0
72,ФИО_72,73.33,t,ВНИИА ЯОК,2,73.33,t,ВНИИА ЯОК,2.0
73,ФИО_73,71.02,s,71.02,s,,,,
74,ФИО_74,64.88,t,"ЯОК ""ЭХП""",7,64.88,t,"ЯОК ""ЭХП""",7.0
75,ФИО_75,56.03,t,"Команда ""АСЭ""",7,56.03,t,"Команда ""АСЭ""",7.0
76,ФИО_76,49.86,s,49.86,s,,,,
77,ФИО_77,59.52,s,59.52,s,,,,
78,ФИО_78,43,t,ЯОК МАЯК,3,43,t,ЯОК МАЯК,3.0
79,ФИО_79,5,t,ВНИПИ_в_координатах,4,5,t,ВНИПИ_в_координатах,4.0
80,ФИО_80,42.69,t,"АО ""ТВЭЛ"" 1",7,42.69,t,"АО ""ТВЭЛ"" 1",7.0
81,ФИО_81,54.04,s,54.04,s,,,,
82,ФИО_82,73.53,t,БалАЭС,3,73.53,t,БалАЭС,3.0
83,ФИО_83,72.93,s,72.93,s,,,,
84,ФИО_84,65.42,s,65.42,s,,,,
85,ФИО_85,54.385,t,АЭП_1_ЛюBIMки,4,54.385,t,АЭП_1_ЛюBIMки,4.0
86,ФИО_86,40.55,s,40.55,s,,,,
87,ФИО_87,44.57,t,"Рабочее место 6 Команда ""АЭМ-""ОКБМ""",2,44.57,t,"Рабочее место 6 Команда ""АЭМ-""ОКБМ""",2.0
88,ФИО_88,63.74,s,63.74,s,,,,
89,ФИО_89,58.52,s,58.52,s,,,,
90,ФИО_90,23.76,s,23.76,s,,,,
91,ФИО_91,44.85,s,44.85,s,,,,
92,ФИО_92,47.53,s,47.53,s,,,,
93,ФИО_93,26.24,s,26.24,s,,,,
94,ФИО_94,44.91,t,"АО ""РАСУ""",2,44.91,t,"АО ""РАСУ""",2.0
95,ФИО_95,49.56,s,49.56,s,,,,
96,ФИО_96,47.99,s,47.99,s,,,,
97,ФИО_97,4.8,t,"АО ""ТВЭЛ"" 1",2,4.8,t,"АО ""ТВЭЛ"" 1",2.0
98,ФИО_98,13.64,t,НИЯУ МИФИ,2,13.64,t,НИЯУ МИФИ,2.0
99,ФИО_99,40.31,t,ИАТЭ МИФИ,4,40.31,t,ИАТЭ МИФИ,4.0
100,ФИО_100,39.92,s,39.92,s,,,,
101,ФИО_101,36.3,s,36.3,s,,,,
102,ФИО_102,79.37,t,ОДИЦ,4,79.37,t,ОДИЦ,4.0
103,ФИО_103,67.04,t,"Райан Гослинг (АО ""НИИграфит"")",2,67.04,t,"Райан Гослинг (АО ""НИИграфит"")",2.0
104,ФИО_104,7.34,t,НИТИ,2,7.34,t,НИТИ,2.0
105,ФИО_105,69.12,t,МИФИ,3,69.12,t,МИФИ,3.0
106,ФИО_106,86.61,t,Нововоронежская АЭС,4,86.61,t,Нововоронежская АЭС,4.0
107,ФИО_107,22.1,s,22.1,s,,,,
108,ФИО_108,46.78,s,46.78,s,,,,
109,ФИО_109,48.63,s,48.63,s,,,,
110,ФИО_110,15.45,s,15.45,s,,,,
111,ФИО_111,5,t,"АО ""ТВЭЛ"" 1",4,5,t,"АО ""ТВЭЛ"" 1",4.0
112,ФИО_112,40.31,t,ИАТЭ МИФИ,4,40.31,t,ИАТЭ МИФИ,4.0
113,ФИО_113,59.78,t,"АО ""КОНСИСТ-ОС""",2,59.78,t,"АО ""КОНСИСТ-ОС""",2.0
114,ФИО_114,5,t,ВНИПИ_1,4,5,t,ВНИПИ_1,4.0
115,ФИО_115,44.63,s,44.63,s,,,,
116,ФИО_116,84.86,s,84.86,s,,,,
117,ФИО_117,83.31,s,83.31,s,,,,
118,ФИО_118,42.35,s,42.35,s,,,,
119,ФИО_119,19.04,t,"Галкина/Озеров ""АЭМ-""ЦКБМ-1""",2,19.04,t,"Галкина/Озеров ""АЭМ-""ЦКБМ-1""",2.0
120,ФИО_120,66.78,t,"АО ""РИР"" Team-2",3,66.78,t,"АО ""РИР"" Team-2",3.0
121,ФИО_121,16.75,s,16.75,s,,,,
122,ФИО_122,67.93,s,67.93,s,,,,
123,ФИО_123,77.88,t,"АО ""КОНЦЕРН ТИТАН 2"" Команд 1",3,77.88,t,"АО ""КОНЦЕРН ТИТАН 2"" Команд 1",3.0
124,ФИО_124,73.53,t,БалАЭС,3,73.53,t,БалАЭС,3.0
125,ФИО_125,39.28,s,39.28,s,,,,
126,ФИО_126,2.38,t,ФГБОУ НИУ МЭИ,2,2.38,t,ФГБОУ НИУ МЭИ,2.0
127,ФИО_127,68,t,№ 7,2,68,t,№ 7,2.0
128,ФИО_128,68.39,t,"Команда ""АЭМ-1""",7,68.39,t,"Команда ""АЭМ-1""",7.0
129,ФИО_129,32.97,s,32.97,s,,,,
130,ФИО_130,5,t,МАЯК_1,4,5,t,МАЯК_1,4.0
131,ФИО_131,80.91,t,ЭХП,3,80.91,t,ЭХП,3.0
132,ФИО_132,62.02,t,"АО ""ТВЭЛ"" 2",4,62.02,t,"АО ""ТВЭЛ"" 2",4.0
133,ФИО_133,5,t,"АО ""ТВЭЛ"" 1",4,5,t,"АО ""ТВЭЛ"" 1",4.0
134,ФИО_134,65.58,s,65.58,s,,,,
135,ФИО_135,55.99,t,Маяк-2,4,55.99,t,Маяк-2,4.0
136,ФИО_136,28.37,s,28.37,s,,,,
137,ФИО_137,79.38,t,"АО ""РИР""",3,79.38,t,"АО ""РИР""",3.0
138,ФИО_138,4.03,t,"АО ""ТВЭЛ"" 2",2,4.03,t,"АО ""ТВЭЛ"" 2",2.0
139,ФИО_139,5,t,"АО ""ТВЭЛ"" 1",4,5,t,"АО ""ТВЭЛ"" 1",4.0
140,ФИО_140,47.23,s,47.23,s,,,,
141,ФИО_141,57.89,s,57.89,s,,,,
142,ФИО_142,65.17,t,Экологические решения,3,65.17,t,Экологические решения,3.0
143,ФИО_143,22,t,"АО ""РИР"" Team-1",3,22,t,"АО ""РИР"" Team-1",3.0
144,ФИО_144,37,t,ВНИИЭФ,2,37,t,ВНИИЭФ,2.0
145,ФИО_145,40.97,t,Браво,2,40.97,t,Браво,2.0
146,ФИО_146,46.79,t,Чарли,2,46.79,t,Чарли,2.0
147,ФИО_147,50.7,s,50.7,s,,,,
148,ФИО_148,49.38,s,49.38,s,,,,
149,ФИО_149,42.33,s,42.33,s,,,,
150,ФИО_150,37.13,s,37.13,s,,,,
151,ФИО_151,58.83,t,"Команда ""АЭМ-2""",7,58.83,t,"Команда ""АЭМ-2""",7.0
152,ФИО_152,31.26,s,31.26,s,,,,
153,ФИО_153,27.37,s,27.37,s,,,,
154,ФИО_154,39.41,s,39.41,s,,,,
155,ФИО_155,41.12,s,41.12,s,,,,
156,ФИО_156,60.7,s,60.7,s,,,,
157,ФИО_157,44.65,t,Тузовский/Демешкевич ЯОК,2,44.65,t,Тузовский/Демешкевич ЯОК,2.0
158,ФИО_158,72.05,t,Горнорудный дивизион,2,72.05,t,Горнорудный дивизион,2.0
159,ФИО_159,42.37,s,42.37,s,,,,
160,ФИО_160,44.61,t,"Денисов/Казикин АО ""ТВЭЛ"" 1",2,44.61,t,"Денисов/Казикин АО ""ТВЭЛ"" 1",2.0
161,ФИО_161,31.96,s,31.96,s,,,,
162,ФИО_162,64.1,t,ТВЭЛ,4,64.1,t,ТВЭЛ,4.0
163,ФИО_163,39.56,s,39.56,s,,,,
164,ФИО_164,61.26,t,"АО ""АЭС"" АО ""Консист-ОС""",2,61.26,t,"АО ""АЭС"" АО ""Консист-ОС""",2.0
165,ФИО_165,49.07,t,Концерн команда-1,7,49.07,t,Концерн команда-1,7.0
166,ФИО_166,15,t,Экологические решения,3,15,t,Экологические решения,3.0
167,ФИО_167,11.41,t,ГПН ЦР,2,11.41,t,ГПН ЦР,2.0
168,ФИО_168,20.07,s,20.07,s,,,,
169,ФИО_169,37.25,s,37.25,s,,,,
170,ФИО_170,56.81,s,56.81,s,,,,
171,ФИО_171,44.61333333,t,Рабочее место 2   Концерн команда 2,2,44.61333333,t,Рабочее место 2   Концерн команда 2,2.0
172,ФИО_172,57.6,s,57.6,s,,,,
173,ФИО_173,63.23,t,Рос СЭМ,3,63.23,t,Рос СЭМ,3.0
174,ФИО_174,45.9,s,45.9,s,,,,
175,ФИО_175,70.78,t,НИКИМТ,3,70.78,t,НИКИМТ,3.0
176,ФИО_176,68.39,t,"Команда ""АЭМ-1""",7,68.39,t,"Команда ""АЭМ-1""",7.0
177,ФИО_177,61.71,t,ПЗМ,3,61.71,t,ПЗМ,3.0
178,ФИО_178,70.33,s,70.33,s,,,,
179,ФИО_179,48.06,s,48.06,s,,,,
180,ФИО_180,66.78,t,"АО ""РИР"" Team-2",3,66.78,t,"АО ""РИР"" Team-2",3.0
181,ФИО_181,79.38,t,"АО ""РИР""",3,79.38,t,"АО ""РИР""",3.0
182,ФИО_182,5,t,ГСПИ_1,4,5,t,ГСПИ_1,4.0
183,ФИО_183,46.95,s,46.95,s,,,,
184,ФИО_184,5,t,МАЯК_2_Фрэшмены,3,5,t,МАЯК_2_Фрэшмены,3.0
185,ФИО_185,55.5,t,№ 8,2,55.5,t,№ 8,2.0
186,ФИО_186,69.04,t,ЛУЧ,3,69.04,t,ЛУЧ,3.0
187,ФИО_187,4.34,t,Элерон,2,4.34,t,Элерон,2.0
188,ФИО_188,62.67,s,62.67,s,,,,
189,ФИО_189,55.99,t,Маяк-2,4,55.99,t,Маяк-2,4.0
190,ФИО_190,5,t,"АО ""ЕВРАЗ ЗСМК""",4,5,t,"АО ""ЕВРАЗ ЗСМК""",4.0
191,ФИО_191,38.11,s,38.11,s,,,,
192,ФИО_192,26,s,26,s,,,,
193,ФИО_193,68.39,t,"Команда ""АЭМ-1""",7,68.39,t,"Команда ""АЭМ-1""",7.0
194,ФИО_194,48.2,s,48.2,s,,,,
195,ФИО_195,40.34,t,"Команда ""АЭМ-ЦКБМ""",3,40.34,t,"Команда ""АЭМ-ЦКБМ""",3.0
196,ФИО_196,58.55,s,58.55,s,,,,
197,ФИО_197,26.18,s,26.18,s,,,,
198,ФИО_198,40.59111111,t,"Рабочее место 3   АО ""ТВЭЛ"" 1",2,40.59111111,t,"Рабочее место 3   АО ""ТВЭЛ"" 1",2.0
199,ФИО_199,31.75,s,31.75,s,,,,
200,ФИО_200,4.8,t,"АО ""ТВЭЛ"" 1",2,4.8,t,"АО ""ТВЭЛ"" 1",2.0
201,ФИО_201,30.93,s,30.93,s,,,,
202,ФИО_202,33.62,t,Экологические решения,2,33.62,t,Экологические решения,2.0
203,ФИО_203,51.38,s,51.38,s,,,,
204,ФИО_204,48.08,s,48.08,s,,,,
205,ФИО_205,51.8,t,"ФГУП ""Комбинат"" Электрохимприбор""",3,51.8,t,"ФГУП ""Комбинат"" Электрохимприбор""",3.0
206,ФИО_206,47.71,s,47.71,s,,,,
207,ФИО_207,35.63,s,35.63,s,,,,
208,ФИО_208,80.91,t,ЭХП,3,80.91,t,ЭХП,3.0
209,ФИО_209,32.05,s,32.05,s,,,,
210,ФИО_210,58.5,s,58.5,s,,,,
211,ФИО_211,17.28,t,"Команда АО ""Гринатом""",2,17.28,t,"Команда АО ""Гринатом""",2.0
212,ФИО_212,35.25,s,35.25,s,,,,
213,ФИО_213,25.39,s,25.39,s,,,,
214,ФИО_214,63.04,s,63.04,s,,,,
215,ФИО_215,64.88,t,"ЯОК ""ЭХП""",7,64.88,t,"ЯОК ""ЭХП""",7.0
216,ФИО_216,64.88,t,"ЯОК ""ЭХП""",7,64.88,t,"ЯОК ""ЭХП""",7.0
217,ФИО_217,54.86,s,54.86,s,,,,
218,ФИО_218,68.2,t,АЭХК,4,68.2,t,АЭХК,4.0
219,ФИО_219,5,t,ГСПИ_1,4,5,t,ГСПИ_1,4.0
220,ФИО_220,77.88,t,"АО ""КОНЦЕРН ТИТАН 2"" Команд 1",3,77.88,t,"АО ""КОНЦЕРН ТИТАН 2"" Команд 1",3.0
221,ФИО_221,43.67,t,ЯОК ЭХП,3,43.67,t,ЯОК ЭХП,3.0
222,ФИО_222,43.94,s,43.94,s,,,,
223,ФИО_223,43.11,s,43.11,s,,,,
224,ФИО_224,44.54,t,"АО ""ТВЭЛ"" 2",7,44.54,t,"АО ""ТВЭЛ"" 2",7.0
225,ФИО_225,45.05,t,РАО,2,45.05,t,РАО,2.0
226,ФИО_226,74.2,s,74.2,s,,,,
227,ФИО_227,5,t,МИФИ,4,5,t,МИФИ,4.0
228,ФИО_228,44.61333333,t,Рабочее место 2   Концерн команда 2,2,44.61333333,t,Рабочее место 2   Концерн команда 2,2.0
229,ФИО_229,74.5,t,№4,2,74.5,t,№4,2.0
230,ФИО_230,19,t,НИЯУ МИФИ,3,19,t,НИЯУ МИФИ,3.0
231,ФИО_231,63.4,s,63.4,s,,,,
232,ФИО_232,5.73,t,"АО ""РИР+АО ""ИРМ"" + ОКБ Гидропресс",2,5.73,t,"АО ""РИР+АО ""ИРМ"" + ОКБ Гидропресс",2.0
233,ФИО_233,34.3,s,34.3,s,,,,
234,ФИО_234,42.69,t,"АО ""ТВЭЛ"" 1",7,42.69,t,"АО ""ТВЭЛ"" 1",7.0
235,ФИО_235,5,t,МИФИ,4,5,t,МИФИ,4.0
236,ФИО_236,56.03,t,"Команда ""АСЭ""",7,56.03,t,"Команда ""АСЭ""",7.0
237,ФИО_237,59.39,t,"ЯОК ""МАЯК""",7,59.39,t,"ЯОК ""МАЯК""",7.0
238,ФИО_238,45.71,s,45.71,s,,,,
239,ФИО_239,85.7,s,85.7,s,,,,
240,ФИО_240,40.97,t,Браво,2,40.97,t,Браво,2.0
241,ФИО_241,65.33,t,АСЭ Team-2,3,65.33,t,АСЭ Team-2,3.0
242,ФИО_242,64.88,t,"ЯОК ""ЭХП""",7,64.88,t,"ЯОК ""ЭХП""",7.0
243,ФИО_243,53.3,s,53.3,s,,,,
244,ФИО_244,5,t,МАЯК_2_Фрэшмены,3,5,t,МАЯК_2_Фрэшмены,3.0
245,ФИО_245,54.65,s,54.65,s,,,,
246,ФИО_246,15.9,s,15.9,s,,,,
247,ФИО_247,59.8,t,"Команда ""АЭМ-ЦКБМ""",3,59.8,t,"Команда ""АЭМ-ЦКБМ""",3.0
248,ФИО_248,48.89,s,48.89,s,,,,
249,ФИО_249,38.02,t,"Рабочее место 10 Команда ""АЭМ-""ПЗМ""",2,38.02,t,"Рабочее место 10 Команда ""АЭМ-""ПЗМ""",2.0
250,ФИО_250,41.88,t,Концерн команда-2,7,41.88,t,Концерн команда-2,7.0
251,ФИО_251,79.37,t,ОДИЦ,4,79.37,t,ОДИЦ,4.0
252,ФИО_252,43.53,t,Мешков/Канашов ОзТК,2,43.53,t,Мешков/Канашов ОзТК,2.0
253,ФИО_253,47.88,s,47.88,s,,,,
254,ФИО_254,5,t,"АО ""ТВЭЛ"" 1",4,5,t,"АО ""ТВЭЛ"" 1",4.0
255,ФИО_255,48.75,t,№ 3,2,48.75,t,№ 3,2.0
256,ФИО_256,48.13,s,48.13,s,,,,
257,ФИО_257,9.8,t,ГУАП,2,9.8,t,ГУАП,2.0
258,ФИО_258,86.61,t,Нововоронежская АЭС,4,86.61,t,Нововоронежская АЭС,4.0
259,ФИО_259,40.55,s,40.55,s,,,,
260,ФИО_260,44.61,t,"Денисов/Казикин АО ""ТВЭЛ"" 1",2,44.61,t,"Денисов/Казикин АО ""ТВЭЛ"" 1",2.0
261,ФИО_261,31.57,t,"АО ""КОНЦЕРН ТИТАН-2""",2,31.57,t,"АО ""КОНЦЕРН ТИТАН-2""",2.0
262,ФИО_262,23.76,s,23.76,s,,,,
263,ФИО_263,41.88,t,Концерн команда-2,7,41.88,t,Концерн команда-2,7.0
264,ФИО_264,58.83,t,"Команда ""АЭМ-2""",7,58.83,t,"Команда ""АЭМ-2""",7.0
265,ФИО_265,46.73,s,46.73,s,,,,
266,ФИО_266,64.1,t,ТВЭЛ,4,64.1,t,ТВЭЛ,4.0
267,ФИО_267,37.11333333,t,Рабочее место 9 МАЯК ЯОК-1,2,37.11333333,t,Рабочее место 9 МАЯК ЯОК-1,2.0
268,ФИО_268,48,t,№ 2,2,48,t,№ 2,2.0
269,ФИО_269,43.53,t,Мешков/Канашов ОзТК,2,43.53,t,Мешков/Канашов ОзТК,2.0
270,ФИО_270,17.23,s,17.23,s,,,,
271,ФИО_271,39.25,s,39.25,s,,,,
272,ФИО_272,43.43,s,43.43,s,,,,
273,ФИО_273,68,t,№ 7,2,68,t,№ 7,2.0
274,ФИО_274,47.42,t,СбытТИТАН,2,47.42,t,СбытТИТАН,2.0
275,ФИО_275,44.97,t,БелАЭС,2,44.97,t,БелАЭС,2.0
276,ФИО_276,16.72,s,16.72,s,,,,
277,ФИО_277,57.34,t,НВАЭС,3,57.34,t,НВАЭС,3.0
278,ФИО_278,22.92,s,22.92,s,,,,
279,ФИО_279,48.75,t,№ 3,2,48.75,t,№ 3,2.0
280,ФИО_280,67.54,s,67.54,s,,,,
281,ФИО_281,39.15,s,39.15,s,,,,
282,ФИО_282,55.42,s,55.42,s,,,,
283,ФИО_283,42.75,t,"Команда АО ""Гринатом""",2,42.75,t,"Команда АО ""Гринатом""",2.0
284,ФИО_284,11.16,s,11.16,s,,,,
285,ФИО_285,57.68,t,НИЯУ МИФИ 1,2,57.68,t,НИЯУ МИФИ 1,2.0
286,ФИО_286,5,t,ВНИПИ_1,4,5,t,ВНИПИ_1,4.0
287,ФИО_287,8.62,t,"АО ""ТВЭЛ""",2,8.62,t,"АО ""ТВЭЛ""",2.0
288,ФИО_288,48.63,s,48.63,s,,,,
289,ФИО_289,40.58333333,t,Рабочее место 8 МАЯК ЯОК-2,2,40.58333333,t,Рабочее место 8 МАЯК ЯОК-2,2.0
290,ФИО_290,66.7,s,66.7,s,,,,
291,ФИО_291,57.68,t,НИЯУ МИФИ 1,2,57.68,t,НИЯУ МИФИ 1,2.0
292,ФИО_292,41.31,t,"Клабуков/Кутергин АО ""ТВЭЛ"" 2",2,41.31,t,"Клабуков/Кутергин АО ""ТВЭЛ"" 2",2.0
293,ФИО_293,65.57,t,ГХК,4,65.57,t,ГХК,4.0
294,ФИО_294,79.37,t,ОДИЦ,4,79.37,t,ОДИЦ,4.0
295,ФИО_295,19.03,s,19.03,s,,,,
296,ФИО_296,54.385,t,АЭП_1_ЛюBIMки,4,54.385,t,АЭП_1_ЛюBIMки,4.0
297,ФИО_297,82.34,s,82.34,s,,,,
298,ФИО_298,33.62,t,Экологические решения,2,33.62,t,Экологические решения,2.0
299,ФИО_299,39.59,s,39.59,s,,,,
300,ФИО_300,18.81,s,18.81,s,,,,
301,ФИО_301,37,t,ВНИИЭФ,2,37,t,ВНИИЭФ,2.0
302,ФИО_302,41.5,s,41.5,s,,,,
303,ФИО_303,88.25,t,№ 6,2,88.25,t,№ 6,2.0
304,ФИО_304,43.69,s,43.69,s,,,,
305,ФИО_305,73.33,t,ВНИИА ЯОК,2,73.33,t,ВНИИА ЯОК,2.0
306,ФИО_306,80.95,s,80.95,s,,,,
307,ФИО_307,47.42,t,СбытТИТАН,2,47.42,t,СбытТИТАН,2.0
308,ФИО_308,49.7,s,49.7,s,,,,
309,ФИО_309,50.76,s,50.76,s,,,,
310,ФИО_310,61.26,t,"АО ""АЭС"" АО ""Консист-ОС""",2,61.26,t,"АО ""АЭС"" АО ""Консист-ОС""",2.0
311,ФИО_311,58.83,t,"Команда ""АЭМ-2""",7,58.83,t,"Команда ""АЭМ-2""",7.0
312,ФИО_312,32.35,s,32.35,s,,,,
313,ФИО_313,58.32,s,58.32,s,,,,
314,ФИО_314,78.29,s,78.29,s,,,,
315,ФИО_315,45.5,t,Экологические решения,2,45.5,t,Экологические решения,2.0
316,ФИО_316,23.93,t,ВНИИЭФ,2,23.93,t,ВНИИЭФ,2.0
317,ФИО_317,59.38,t,МАЯК ЯОК,3,59.38,t,МАЯК ЯОК,3.0
318,ФИО_318,63.25,t,№ 5,2,63.25,t,№ 5,2.0
319,ФИО_319,46.84,s,46.84,s,,,,
320,ФИО_320,42.69,t,"АО ""ТВЭЛ"" 1",7,42.69,t,"АО ""ТВЭЛ"" 1",7.0
321,ФИО_321,66.31,t,"АО ""ТВЭЛ"" 2",2,66.31,t,"АО ""ТВЭЛ"" 2",2.0
322,ФИО_322,19.28,s,19.28,s,,,,
323,ФИО_323,23.93,t,ВНИИЭФ,2,23.93,t,ВНИИЭФ,2.0
324,ФИО_324,89.85,t,АСЭ,2,89.85,t,АСЭ,2.0
325,ФИО_325,,,,,,,,
326,ФИО_326,21.47,s,21.47,s,,,,
327,ФИО_327,33,s,33,s,,,,
328,ФИО_328,20.43,s,20.43,s,,,,
329,ФИО_329,20,t,Крайнов/Шестаков КЛНАЭС,2,20,t,Крайнов/Шестаков КЛНАЭС,2.0
330,ФИО_330,81.83,t,"АО ""КОНЦЕРН ТИТАН 2"" Команд 2",3,81.83,t,"АО ""КОНЦЕРН ТИТАН 2"" Команд 2",3.0
331,ФИО_331,54.71,t,АЭП_2_Енотики_и_точка,4,54.71,t,АЭП_2_Енотики_и_точка,4.0
332,ФИО_332,70.78,t,НИКИМТ,3,70.78,t,НИКИМТ,3.0
333,ФИО_333,28.33,s,28.33,s,,,,
334,ФИО_334,5,t,МИФИ,4,5,t,МИФИ,4.0
335,ФИО_335,31.33333333,t,"Рабочее место 1   АО ""ТВЭЛ"" 2",2,31.33333333,t,"Рабочее место 1   АО ""ТВЭЛ"" 2",2.0
336,ФИО_336,51.91,s,51.91,s,,,,
337,ФИО_337,4.58,t,ФГУП РФЯЦ-ВНИИЭФ ЯОК,2,4.58,t,ФГУП РФЯЦ-ВНИИЭФ ЯОК,2.0
338,ФИО_338,64.09,s,64.09,s,,,,
339,ФИО_339,37.39,s,37.39,s,,,,
340,ФИО_340,,,,,,,,
341,ФИО_341,65.33,t,АСЭ Team-2,3,65.33,t,АСЭ Team-2,3.0
342,ФИО_342,2,t,"АО ""РАСУ""",2,2,t,"АО ""РАСУ""",2.0
343,ФИО_343,45.5,t,Экологические решения,2,45.5,t,Экологические решения,2.0
344,ФИО_344,70.78,t,НИКИМТ,3,70.78,t,НИКИМТ,3.0
345,ФИО_345,64.96,t,НИЯУ МИФИ 2,2,64.96,t,НИЯУ МИФИ 2,2.0
346,ФИО_346,64.88,t,"ЯОК ""ЭХП""",7,64.88,t,"ЯОК ""ЭХП""",7.0
347,ФИО_347,57.8,s,57.8,s,,,,
348,ФИО_348,25.6,s,25.6,s,,,,
349,ФИО_349,55.99,t,Маяк-2,4,55.99,t,Маяк-2,4.0
350,ФИО_350,41.31,t,"Клабуков/Кутергин АО ""ТВЭЛ"" 2",2,41.31,t,"Клабуков/Кутергин АО ""ТВЭЛ"" 2",2.0
351,ФИО_351,62.5,s,62.5,s,,,,
352,ФИО_352,69.17,s,69.17,s,,,,
353,ФИО_353,59.78,t,"АО ""КОНСИСТ-ОС""",2,59.78,t,"АО ""КОНСИСТ-ОС""",2.0
354,ФИО_354,73.31,s,73.31,s,,,,
355,ФИО_355,62.61,t,"АО ""Гринатом""",3,62.61,t,"АО ""Гринатом""",3.0
356,ФИО_356,5,t,ГСПИ_1,4,5,t,ГСПИ_1,4.0
357,ФИО_357,62.28,s,62.28,s,,,,
358,ФИО_358,69.04,t,ЛУЧ,3,69.04,t,ЛУЧ,3.0
359,ФИО_359,49.36,t,"АО ""ТВЭЛ"" 1",2,49.36,t,"АО ""ТВЭЛ"" 1",2.0
360,ФИО_360,56.95,s,56.95,s,,,,
361,ФИО_361,31.55,s,31.55,s,,,,
362,ФИО_362,50.23,s,50.23,s,,,,
363,ФИО_363,56.03,t,"Команда ""АСЭ""",7,56.03,t,"Команда ""АСЭ""",7.0
364,ФИО_364,55.14,s,55.14,s,,,,
365,ФИО_365,17.82,s,17.82,s,,,,
366,ФИО_366,48.14,s,48.14,s,,,,
367,ФИО_367,43.52,t,"АО ""ТВЭЛ"" 2",2,43.52,t,"АО ""ТВЭЛ"" 2",2.0
368,ФИО_368,82.07,t,Маяк-1,4,82.07,t,Маяк-1,4.0
369,ФИО_369,66.96,s,66.96,s,,,,
370,ФИО_370,64.11,t,АО АСЭ-1,2,64.11,t,АО АСЭ-1,2.0
371,ФИО_371,57.34,t,НВАЭС,3,57.34,t,НВАЭС,3.0
372,ФИО_372,49.07,t,Концерн команда-1,7,49.07,t,Концерн команда-1,7.0
373,ФИО_373,44.7,s,44.7,s,,,,
374,ФИО_374,42.69,t,"АО ""ТВЭЛ"" 1",7,42.69,t,"АО ""ТВЭЛ"" 1",7.0
375,ФИО_375,89.85,t,АСЭ,2,89.85,t,АСЭ,2.0
376,ФИО_376,5,t,ГСПИ_2,4,5,t,ГСПИ_2,4.0
377,ФИО_377,38.05,s,38.05,s,,,,
378,ФИО_378,89,s,89,s,,,,
379,ФИО_379,8.92,s,8.92,s,,,,
380,ФИО_380,41.88,t,Концерн команда-2,7,41.88,t,Концерн команда-2,7.0
381,ФИО_381,60.98,s,60.98,s,,,,
382,ФИО_382,44.8,t,"ФГУП ""ПСЗ"" - 2",2,44.8,t,"ФГУП ""ПСЗ"" - 2",2.0
383,ФИО_383,56.03,t,"Команда ""АСЭ""",7,56.03,t,"Команда ""АСЭ""",7.0
384,ФИО_384,48.38,s,48.38,s,,,,
385,ФИО_385,55.11,s,55.11,s,,,,
386,ФИО_386,32.22,s,32.22,s,,,,
387,ФИО_387,69.17,t,АСЭ Team-1,3,69.17,t,АСЭ Team-1,3.0
388,ФИО_388,59.05,s,59.05,s,,,,
389,ФИО_389,56.75,s,56.75,s,,,,
390,ФИО_390,41.88,t,Концерн команда-2,7,41.88,t,Концерн команда-2,7.0
391,ФИО_391,46.08,s,46.08,s,,,,
392,ФИО_392,28.33,s,28.33,s,,,,
393,ФИО_393,80.91,t,ЭХП,3,80.91,t,ЭХП,3.0
394,ФИО_394,51.81,t,ВНИИА им.Духова,3,51.81,t,ВНИИА им.Духова,3.0
395,ФИО_395,62.61,t,"АО ""Гринатом""",3,62.61,t,"АО ""Гринатом""",3.0
396,ФИО_396,57.83,t,"Команда АО ""Гринатом""",3,57.83,t,"Команда АО ""Гринатом""",3.0
397,ФИО_397,22,t,"АО ""РИР"" Team-1",3,22,t,"АО ""РИР"" Team-1",3.0
398,ФИО_398,62.8,s,62.8,s,,,,
399,ФИО_399,56,s,56,s,,,,
400,ФИО_400,54.71,t,АЭП_2_Енотики_и_точка,4,54.71,t,АЭП_2_Енотики_и_точка,4.0
401,ФИО_401,54.43,s,54.43,s,,,,
402,ФИО_402,85.35,t,Концерн,2,85.35,t,Концерн,2.0
403,ФИО_403,68.39,t,"Команда ""АЭМ-1""",7,68.39,t,"Команда ""АЭМ-1""",7.0
404,ФИО_404,41.3,s,41.3,s,,,,
405,ФИО_405,57.34,t,НВАЭС,3,57.34,t,НВАЭС,3.0
406,ФИО_406,46.79,t,Чарли,2,46.79,t,Чарли,2.0
407,ФИО_407,41.87,s,41.87,s,,,,
408,ФИО_408,10.95,s,10.95,s,,,,
409,ФИО_409,57.83,t,"Команда АО ""Гринатом""",3,57.83,t,"Команда АО ""Гринатом""",3.0
410,ФИО_410,75.22,t,СТАРТ,2,75.22,t,СТАРТ,2.0
411,ФИО_411,10.23,t,НИЯУ МИФИ,2,10.23,t,НИЯУ МИФИ,2.0
412,ФИО_412,42.88555556,t,"Рабочее место 5 АО ""ПО ""старт""",2,42.88555556,t,"Рабочее место 5 АО ""ПО ""старт""",2.0
413,ФИО_413,49.07,t,Концерн команда-1,7,49.07,t,Концерн команда-1,7.0
414,ФИО_414,41.9,s,41.9,s,,,,
415,ФИО_415,44.1,s,44.1,s,,,,
416,ФИО_416,69.12,t,МИФИ,3,69.12,t,МИФИ,3.0
417,ФИО_417,5.73,t,"АО ""РИР+АО ""ИРМ"" + ОКБ Гидропресс",2,5.73,t,"АО ""РИР+АО ""ИРМ"" + ОКБ Гидропресс",2.0
418,ФИО_418,25.72,s,25.72,s,,,,
419,ФИО_419,54.01,s,54.01,s,,,,
420,ФИО_420,74.25,t,"АО ""ТВЭЛ"" 1",2,74.25,t,"АО ""ТВЭЛ"" 1",2.0
421,ФИО_421,83.44,t,"АО ""ТВЭЛ""",3,83.44,t,"АО ""ТВЭЛ""",3.0
422,ФИО_422,19,t,НИЯУ МИФИ,3,19,t,НИЯУ МИФИ,3.0
423,ФИО_423,40.57,s,40.57,s,,,,
424,ФИО_424,43.96,s,43.96,s,,,,
425,ФИО_425,46.25,t,№ 1,2,46.25,t,№ 1,2.0
426,ФИО_426,40.6,s,40.6,s,,,,
427,ФИО_427,5,t,ВНИПИ_1,4,5,t,ВНИПИ_1,4.0
428,ФИО_428,43.23,s,43.23,s,,,,
429,ФИО_429,42.51,s,42.51,s,,,,
430,ФИО_430,52.8,s,52.8,s,,,,
431,ФИО_431,59.39,t,"ЯОК ""МАЯК""",7,59.39,t,"ЯОК ""МАЯК""",7.0
432,ФИО_432,58.04,t,Юматекс,2,58.04,t,Юматекс,2.0
433,ФИО_433,82.07,t,Маяк-1,4,82.07,t,Маяк-1,4.0
434,ФИО_434,34.83,s,34.83,s,,,,
435,ФИО_435,41.43,s,41.43,s,,,,
436,ФИО_436,59.39,t,"ЯОК ""МАЯК""",7,59.39,t,"ЯОК ""МАЯК""",7.0
437,ФИО_437,44.6,s,44.6,s,,,,
438,ФИО_438,64.1,t,ТВЭЛ,4,64.1,t,ТВЭЛ,4.0
439,ФИО_439,57.71,s,57.71,s,,,,
440,ФИО_440,40.69,s,40.69,s,,,,
441,ФИО_441,15.11,s,15.11,s,,,,
442,ФИО_442,19.04,t,"Галкина/Озеров ""АЭМ-""ЦКБМ-1""",2,19.04,t,"Галкина/Озеров ""АЭМ-""ЦКБМ-1""",2.0
443,ФИО_443,45.29,s,45.29,s,,,,
444,ФИО_444,19,t,НИЯУ МИФИ,3,19,t,НИЯУ МИФИ,3.0
445,ФИО_445,31.61,s,31.61,s,,,,
446,ФИО_446,54.385,t,АЭП_1_ЛюBIMки,4,54.385,t,АЭП_1_ЛюBIMки,4.0
447,ФИО_447,43,t,ЯОК МАЯК,3,43,t,ЯОК МАЯК,3.0
448,ФИО_448,56.36,t,"АО ""ТВЭЛ"" 2",3,56.36,t,"АО ""ТВЭЛ"" 2",3.0
449,ФИО_449,31.33333333,t,"Рабочее место 1   АО ""ТВЭЛ"" 2",2,31.33333333,t,"Рабочее место 1   АО ""ТВЭЛ"" 2",2.0
450,ФИО_450,13.06,s,13.06,s,,,,
451,ФИО_451,49.74,s,49.74,s,,,,
452,ФИО_452,5,t,МАЯК_2_Фрэшмены,3,5,t,МАЯК_2_Фрэшмены,3.0
453,ФИО_453,45.84,t,"ФГУП ""ПСЗ""",2,45.84,t,"ФГУП ""ПСЗ""",2.0
454,ФИО_454,40.34,t,"Команда ""АЭМ-ЦКБМ""",3,40.34,t,"Команда ""АЭМ-ЦКБМ""",3.0
455,ФИО_455,86.61,t,Нововоронежская АЭС,4,86.61,t,Нововоронежская АЭС,4.0
456,ФИО_456,5,t,ГСПИ_2,4,5,t,ГСПИ_2,4.0
457,ФИО_457,9.58,t,Концерн,2,9.58,t,Концерн,2.0
458,ФИО_458,65.57,t,ГХК,4,65.57,t,ГХК,4.0
459,ФИО_459,58.83,t,"Команда ""АЭМ-2""",7,58.83,t,"Команда ""АЭМ-2""",7.0
460,ФИО_460,65.57,t,ГХК,4,65.57,t,ГХК,4.0
461,ФИО_461,58.83,t,"Команда ""АЭМ-2""",7,58.83,t,"Команда ""АЭМ-2""",7.0
462,ФИО_462,82.07,t,Маяк-1,4,82.07,t,Маяк-1,4.0
463,ФИО_463,41.65,s,41.65,s,,,,
464,ФИО_464,59.4,s,59.4,s,,,,
465,ФИО_465,21.96,s,21.96,s,,,,
466,ФИО_466,17.28,t,"Команда АО ""Гринатом""",2,17.28,t,"Команда АО ""Гринатом""",2.0
467,ФИО_467,40.31,t,ИАТЭ МИФИ,4,40.31,t,ИАТЭ МИФИ,4.0
468,ФИО_468,49.36,t,"АО ""ТВЭЛ"" 1",2,49.36,t,"АО ""ТВЭЛ"" 1",2.0
469,ФИО_469,50.96,s,50.96,s,,,,
470,ФИО_470,69.17,t,АСЭ Team-1,3,69.17,t,АСЭ Team-1,3.0
471,ФИО_471,48.92,s,48.92,s,,,,
472,ФИО_472,15,t,Экологические решения,3,15,t,Экологические решения,3.0
473,ФИО_473,31.57,t,"АО ""КОНЦЕРН ТИТАН-2""",2,31.57,t,"АО ""КОНЦЕРН ТИТАН-2""",2.0
474,ФИО_474,44.91,t,"АО ""РАСУ""",2,44.91,t,"АО ""РАСУ""",2.0
475,ФИО_475,56.55,s,56.55,s,,,,
476,ФИО_476,56.5,t,Альфа,2,56.5,t,Альфа,2.0
477,ФИО_477,31.71,t,ООО ГПН ИТО,2,31.71,t,ООО ГПН ИТО,2.0
478,ФИО_478,77.88,t,"АО ""КОНЦЕРН ТИТАН 2"" Команд 1",3,77.88,t,"АО ""КОНЦЕРН ТИТАН 2"" Команд 1",3.0
479,ФИО_479,60.49,s,60.49,s,,,,
480,ФИО_480,60.92,t,"Команда ""АЭМ""",2,60.92,t,"Команда ""АЭМ""",2.0
481,ФИО_481,52.75,s,52.75,s,,,,
482,ФИО_482,19.92,s,19.92,s,,,,
483,ФИО_483,65.17,t,Экологические решения,3,65.17,t,Экологические решения,3.0
484,ФИО_484,25.52,s,25.52,s,,,,
485,ФИО_485,51.1,s,51.1,s,,,,
486,ФИО_486,54.385,t,АЭП_1_ЛюBIMки,4,54.385,t,АЭП_1_ЛюBIMки,4.0
487,ФИО_487,45.48,s,45.48,s,,,,
488,ФИО_488,53.65,t,"ФГУП ""ПСЗ"" - 1",2,53.65,t,"ФГУП ""ПСЗ"" - 1",2.0
489,ФИО_489,68.2,t,АЭХК,4,68.2,t,АЭХК,4.0
490,ФИО_490,68.2,t,АЭХК,4,68.2,t,АЭХК,4.0
491,ФИО_491,33.48,s,33.48,s,,,,
492,ФИО_492,24.24,s,24.24,s,,,,
493,ФИО_493,60.91,s,60.91,s,,,,
494,ФИО_494,6,s,6,s,,,,
495,ФИО_495,66.4,s,66.4,s,,,,
496,ФИО_496,56.36,t,"АО ""ТВЭЛ"" 2",3,56.36,t,"АО ""ТВЭЛ"" 2",3.0
497,ФИО_497,86.61,t,Нововоронежская АЭС,4,86.61,t,Нововоронежская АЭС,4.0
498,ФИО_498,34.28,s,34.28,s,,,,
499,ФИО_499,38.67,s,38.67,s,,,,
500,ФИО_500,63.66,s,63.66,s,,,,
501,ФИО_501,27.67,s,27.67,s,,,,
502,ФИО_502,50.4,s,50.4,s,,,,
503,ФИО_503,36.17,s,36.17,s,,,,
504,ФИО_504,44.17,t,"ООО ""ГПН-ЦР""",2,44.17,t,"ООО ""ГПН-ЦР""",2.0
505,ФИО_505,62.48,s,62.48,s,,,,
506,ФИО_506,51.02,s,51.02,s,,,,
507,ФИО_507,39.52,s,39.52,s,,,,
508,ФИО_508,63.9,t,"АО ""ТВЭЛ"" 1",3,63.9,t,"АО ""ТВЭЛ"" 1",3.0
509,ФИО_509,63.82,s,63.82,s,,,,
510,ФИО_510,26.28,s,26.28,s,,,,
511,ФИО_511,56.52,s,56.52,s,,,,
512,ФИО_512,60.92,t,"Команда ""АЭМ""",2,60.92,t,"Команда ""АЭМ""",2.0
513,ФИО_513,49.07,t,Концерн команда-1,7,49.07,t,Концерн команда-1,7.0
514,ФИО_514,47,s,47,s,,,,
515,ФИО_515,54.05,s,54.05,s,,,,
516,ФИО_516,57.83,t,"Команда АО ""Гринатом""",3,57.83,t,"Команда АО ""Гринатом""",3.0
517,ФИО_517,26.76,s,26.76,s,,,,
518,ФИО_518,44.88,t,"АО ""Атомэнергомаш""",2,44.88,t,"АО ""Атомэнергомаш""",2.0
519,ФИО_519,38.18,s,38.18,s,,,,
520,ФИО_520,44.8,t,"ФГУП ""ПСЗ"" - 2",2,44.8,t,"ФГУП ""ПСЗ"" - 2",2.0
521,ФИО_521,54.18,s,54.18,s,,,,
522,ФИО_522,8.62,t,"АО ""ТВЭЛ""",2,8.62,t,"АО ""ТВЭЛ""",2.0
523,ФИО_523,4.88,s,4.88,s,,,,
524,ФИО_524,69.11,t,"АО ""ЕВРАЗ ЗСМК""",2,69.11,t,"АО ""ЕВРАЗ ЗСМК""",2.0
525,ФИО_525,5,t,"АО ""ЕВРАЗ ЗСМК""",4,5,t,"АО ""ЕВРАЗ ЗСМК""",4.0
526,ФИО_526,75.22,t,СТАРТ,2,75.22,t,СТАРТ,2.0
527,ФИО_527,49.83,s,49.83,s,,,,
528,ФИО_528,68.1,s,68.1,s,,,,
529,ФИО_529,40.59111111,t,"Рабочее место 3   АО ""ТВЭЛ"" 1",2,40.59111111,t,"Рабочее место 3   АО ""ТВЭЛ"" 1",2.0
530,ФИО_530,64.11,t,АО АСЭ-1,2,64.11,t,АО АСЭ-1,2.0
531,ФИО_531,17.4,s,17.4,s,,,,
532,ФИО_532,18.48,t,ГУАП,2,18.48,t,ГУАП,2.0
533,ФИО_533,54.5,s,54.5,s,,,,
534,ФИО_534,19.47,t,"Салоп,Хвостиков ""АЭМ-""ЦКБМ-2""",2,19.47,t,"Салоп,Хвостиков ""АЭМ-""ЦКБМ-2""",2.0
535,ФИО_535,46.25,t,№ 1,2,46.25,t,№ 1,2.0
536,ФИО_536,5,t,ВНИПИ_в_координатах,4,5,t,ВНИПИ_в_координатах,4.0
537,ФИО_537,87.3,t,Сафронов/Шорников ЯОК,2,87.3,t,Сафронов/Шорников ЯОК,2.0
538,ФИО_538,45.76,s,45.76,s,,,,
539,ФИО_539,59.8,t,"Команда ""АЭМ-ЦКБМ""",3,59.8,t,"Команда ""АЭМ-ЦКБМ""",3.0
540,ФИО_540,58.04,t,Юматекс,2,58.04,t,Юматекс,2.0
541,ФИО_541,,,,,,,,
542,ФИО_542,55.99,t,Маяк-2,4,55.99,t,Маяк-2,4.0
543,ФИО_543,52.7,s,52.7,s,,,,
544,ФИО_544,54.7,s,54.7,s,,,,
545,ФИО_545,19.18,t,ЛУЧTimes,2,19.18,t,ЛУЧTimes,2.0
546,ФИО_546,74.5,t,№4,2,74.5,t,№4,2.0
547,ФИО_547,66.41,s,66.41,s,,,,
548,ФИО_548,40.31,t,ИАТЭ МИФИ,4,40.31,t,ИАТЭ МИФИ,4.0
549,ФИО_549,63.9,t,"АО ""ТВЭЛ"" 1",3,63.9,t,"АО ""ТВЭЛ"" 1",3.0
550,ФИО_550,42.8,s,42.8,s,,,,
551,ФИО_551,2,t,"АО ""РАСУ""",2,2,t,"АО ""РАСУ""",2.0
552,ФИО_552,43,t,ЯОК МАЯК,3,43,t,ЯОК МАЯК,3.0
553,ФИО_553,53.4,s,53.4,s,,,,
554,ФИО_554,31.71,t,ООО ГПН ИТО,2,31.71,t,ООО ГПН ИТО,2.0
555,ФИО_555,37.9,s,37.9,s,,,,
556,ФИО_556,62.02,t,"АО ""ТВЭЛ"" 2",4,62.02,t,"АО ""ТВЭЛ"" 2",4.0
557,ФИО_557,13.35,t,"АО ""РИР"" + Петрозаводскмаш (АЭМ)",2,13.35,t,"АО ""РИР"" + Петрозаводскмаш (АЭМ)",2.0
558,ФИО_558,17.55,s,17.55,s,,,,
559,ФИО_559,46.68,s,46.68,s,,,,
560,ФИО_560,83.44,t,"АО ""ТВЭЛ""",3,83.44,t,"АО ""ТВЭЛ""",3.0
561,ФИО_561,56.03,t,"Команда ""АСЭ""",7,56.03,t,"Команда ""АСЭ""",7.0
562,ФИО_562,11.3,s,11.3,s,,,,
563,ФИО_563,27.64,s,27.64,s,,,,
564,ФИО_564,81.83,t,"АО ""КОНЦЕРН ТИТАН 2"" Команд 2",3,81.83,t,"АО ""КОНЦЕРН ТИТАН 2"" Команд 2",3.0
565,ФИО_565,44.54,t,"АО ""ТВЭЛ"" 2",7,44.54,t,"АО ""ТВЭЛ"" 2",7.0
566,ФИО_566,31.29,s,31.29,s,,,,
567,ФИО_567,64.88,t,"ЯОК ""ЭХП""",7,64.88,t,"ЯОК ""ЭХП""",7.0
568,ФИО_568,49.07,t,Концерн команда-1,7,49.07,t,Концерн команда-1,7.0
569,ФИО_569,68.39,t,"Команда ""АЭМ-1""",7,68.39,t,"Команда ""АЭМ-1""",7.0
570,ФИО_570,43.67,t,ЯОК ЭХП,3,43.67,t,ЯОК ЭХП,3.0
571,ФИО_571,69.11,t,"АО ""ЕВРАЗ ЗСМК""",2,69.11,t,"АО ""ЕВРАЗ ЗСМК""",2.0
572,ФИО_572,38.12,s,38.12,s,,,,
573,ФИО_573,81.83,t,"АО ""КОНЦЕРН ТИТАН 2"" Команд 2",3,81.83,t,"АО ""КОНЦЕРН ТИТАН 2"" Команд 2",3.0
574,ФИО_574,44.54,t,"АО ""ТВЭЛ"" 2",7,44.54,t,"АО ""ТВЭЛ"" 2",7.0
575,ФИО_575,44.17,t,"ООО ""ГПН-ЦР""",2,44.17,t,"ООО ""ГПН-ЦР""",2.0
576,ФИО_576,15,t,Экологические решения,3,15,t,Экологические решения,3.0
577,ФИО_577,37.11333333,t,Рабочее место 9 МАЯК ЯОК-1,2,37.11333333,t,Рабочее место 9 МАЯК ЯОК-1,2.0
578,ФИО_578,16.59,s,16.59,s,,,,
579,ФИО_579,31.01,s,31.01,s,,,,
580,ФИО_580,7.34,t,НИТИ,2,7.34,t,НИТИ,2.0
581,ФИО_581,36.47,s,36.47,s,,,,
582,ФИО_582,2.38,t,ФГБОУ НИУ МЭИ,2,2.38,t,ФГБОУ НИУ МЭИ,2.0
583,ФИО_583,58.83,t,"Команда ""АЭМ-2""",7,58.83,t,"Команда ""АЭМ-2""",7.0
584,ФИО_584,49.94111111,t,Рабочее место 4  Концерн команда 1,2,49.94111111,t,Рабочее место 4  Концерн команда 1,2.0
585,ФИО_585,81.3,s,81.3,s,,,,
586,ФИО_586,74.7,s,74.7,s,,,,
587,ФИО_587,43.67,t,ЯОК ЭХП,3,43.67,t,ЯОК ЭХП,3.0
588,ФИО_588,11.41,t,ГПН ЦР,2,11.41,t,ГПН ЦР,2.0
589,ФИО_589,54.71,t,АЭП_2_Енотики_и_точка,4,54.71,t,АЭП_2_Енотики_и_точка,4.0
590,ФИО_590,4.58,t,ФГУП РФЯЦ-ВНИИЭФ ЯОК,2,4.58,t,ФГУП РФЯЦ-ВНИИЭФ ЯОК,2.0
591,ФИО_591,37.5,s,37.5,s,,,,
592,ФИО_592,41.88,t,Концерн команда-2,7,41.88,t,Концерн команда-2,7.0
593,ФИО_593,47.67,s,47.67,s,,,,
594,ФИО_594,43.52,t,"АО ""ТВЭЛ"" 2",2,43.52,t,"АО ""ТВЭЛ"" 2",2.0
595,ФИО_595,79.38,t,"АО ""РИР""",3,79.38,t,"АО ""РИР""",3.0
596,ФИО_596,48.1,s,48.1,s,,,,
597,ФИО_597,5,t,МИФИ,4,5,t,МИФИ,4.0
598,ФИО_598,58.71,t,ВНИИЭФ,2,58.71,t,ВНИИЭФ,2.0
599,ФИО_599,64.88,t,"ЯОК ""ЭХП""",7,64.88,t,"ЯОК ""ЭХП""",7.0
600,ФИО_600,51.81,t,ВНИИА им.Духова,3,51.81,t,ВНИИА им.Духова,3.0
601,ФИО_601,38.16,s,38.16,s,,,,
602,ФИО_602,68.2,t,АЭХК,4,68.2,t,АЭХК,4.0
603,ФИО_603,44.54,t,"АО ""ТВЭЛ"" 2",7,44.54,t,"АО ""ТВЭЛ"" 2",7.0
604,ФИО_604,58.83,t,"Команда ""АЭМ-2""",7,58.83,t,"Команда ""АЭМ-2""",7.0
605,ФИО_605,40.34,t,"Команда ""АЭМ-ЦКБМ""",3,40.34,t,"Команда ""АЭМ-ЦКБМ""",3.0
606,ФИО_606,43.45,t,АО АСЭ-2,2,43.45,t,АО АСЭ-2,2.0
607,ФИО_607,23.14,s,23.14,s,,,,
608,ФИО_608,38.4,t,Бабенко/Трифонов ЯОК,2,38.4,t,Бабенко/Трифонов ЯОК,2.0
609,ФИО_609,16.68,s,16.68,s,,,,
610,ФИО_610,44.65,t,Тузовский/Демешкевич ЯОК,2,44.65,t,Тузовский/Демешкевич ЯОК,2.0
611,ФИО_611,65.57,t,ГХК,4,65.57,t,ГХК,4.0
612,ФИО_612,72.8,s,72.8,s,,,,
613,ФИО_613,49.94111111,t,Рабочее место 4  Концерн команда 1,2,49.94111111,t,Рабочее место 4  Концерн команда 1,2.0
614,ФИО_614,59.38,t,МАЯК ЯОК,3,59.38,t,МАЯК ЯОК,3.0
615,ФИО_615,33.62,s,33.62,s,,,,
616,ФИО_616,27.19,s,27.19,s,,,,
617,ФИО_617,63.23,t,Рос СЭМ,3,63.23,t,Рос СЭМ,3.0
618,ФИО_618,69.04,t,ЛУЧ,3,69.04,t,ЛУЧ,3.0
619,ФИО_619,54.42,t,НВАЭС,2,54.42,t,НВАЭС,2.0
620,ФИО_620,42.73,s,42.73,s,,,,
621,ФИО_621,5,t,"АО ""ЕВРАЗ ЗСМК""",4,5,t,"АО ""ЕВРАЗ ЗСМК""",4.0
622,ФИО_622,13.37,s,13.37,s,,,,
623,ФИО_623,22.95,t,AKKUYU NÜKLEER,2,22.95,t,AKKUYU NÜKLEER,2.0
624,ФИО_624,40.32,s,40.32,s,,,,
625,ФИО_625,62.02,t,"АО ""ТВЭЛ"" 2",4,62.02,t,"АО ""ТВЭЛ"" 2",4.0
626,ФИО_626,22.27,s,22.27,s,,,,
627,ФИО_627,21.23,s,21.23,s,,,,
628,ФИО_628,68.39,t,"Команда ""АЭМ-1""",7,68.39,t,"Команда ""АЭМ-1""",7.0
629,ФИО_629,44.54,t,"АО ""ТВЭЛ"" 2",7,44.54,t,"АО ""ТВЭЛ"" 2",7.0
630,ФИО_630,47.1,s,47.1,s,,,,
631,ФИО_631,40.6,s,40.6,s,,,,
632,ФИО_632,37.64,s,37.64,s,,,,
633,ФИО_633,73.53,t,БалАЭС,3,73.53,t,БалАЭС,3.0
634,ФИО_634,42.11,s,42.11,s,,,,
635,ФИО_635,42.88555556,t,"Рабочее место 5 АО ""ПО ""старт""",2,42.88555556,t,"Рабочее место 5 АО ""ПО ""старт""",2.0
636,ФИО_636,44.54,t,"АО ""ТВЭЛ"" 2",7,44.54,t,"АО ""ТВЭЛ"" 2",7.0
637,ФИО_637,44.97,t,БелАЭС,2,44.97,t,БелАЭС,2.0
638,ФИО_638,44.57,t,"Рабочее место 6 Команда ""АЭМ-""ОКБМ""",2,44.57,t,"Рабочее место 6 Команда ""АЭМ-""ОКБМ""",2.0
639,ФИО_639,16.35,s,16.35,s,,,,
640,ФИО_640,57.98,s,57.98,s,,,,
641,ФИО_641,49.07,t,Концерн команда-1,7,49.07,t,Концерн команда-1,7.0
642,ФИО_642,55.5,t,№ 8,2,55.5,t,№ 8,2.0
643,ФИО_643,4.03,t,"АО ""ТВЭЛ"" 2",2,4.03,t,"АО ""ТВЭЛ"" 2",2.0
644,ФИО_644,69.12,t,МИФИ,3,69.12,t,МИФИ,3.0
645,ФИО_645,59.39,t,"ЯОК ""МАЯК""",7,59.39,t,"ЯОК ""МАЯК""",7.0
646,ФИО_646,54.82,s,54.82,s,,,,
647,ФИО_647,59.39,t,"ЯОК ""МАЯК""",7,59.39,t,"ЯОК ""МАЯК""",7.0
648,ФИО_648,28.11,s,28.11,s,,,,
649,ФИО_649,19.47,t,"Салоп,Хвостиков ""АЭМ-""ЦКБМ-2""",2,19.47,t,"Салоп,Хвостиков ""АЭМ-""ЦКБМ-2""",2.0
650,ФИО_650,51.81,t,ВНИИА им.Духова,3,51.81,t,ВНИИА им.Духова,3.0
651,ФИО_651,42.69,t,"АО ""ТВЭЛ"" 1",7,42.69,t,"АО ""ТВЭЛ"" 1",7.0
652,ФИО_652,55.96,s,55.96,s,,,,
653,ФИО_653,33.58,s,33.58,s,,,,
654,ФИО_654,59.8,t,"Команда ""АЭМ-ЦКБМ""",3,59.8,t,"Команда ""АЭМ-ЦКБМ""",3.0
655,ФИО_655,58.71,t,ВНИИЭФ,2,58.71,t,ВНИИЭФ,2.0
656,ФИО_656,78.15,s,78.15,s,,,,
657,ФИО_657,40.58333333,t,Рабочее место 8 МАЯК ЯОК-2,2,40.58333333,t,Рабочее место 8 МАЯК ЯОК-2,2.0
658,ФИО_658,52.13,s,52.13,s,,,,
659,ФИО_659,13.35,t,"АО ""РИР"" + Петрозаводскмаш (АЭМ)",2,13.35,t,"АО ""РИР"" + Петрозаводскмаш (АЭМ)",2.0
660,ФИО_660,9.58,t,Концерн,2,9.58,t,Концерн,2.0
661,ФИО_661,41.88,t,Концерн команда-2,7,41.88,t,Концерн команда-2,7.0
662,ФИО_662,43.21333333,t,"Рабочее место 7 Команда ""АЭМ-Атоммаш-Сервис""",2,43.21333333,t,"Рабочее место 7 Команда ""АЭМ-Атоммаш-Сервис""",2.0
663,ФИО_663,38.1,s,38.1,s,,,,
664,ФИО_664,49.07,t,Концерн команда-1,7,49.07,t,Концерн команда-1,7.0
665,ФИО_665,4.34,t,Элерон,2,4.34,t,Элерон,2.0
666,ФИО_666,61.71,t,ПЗМ,3,61.71,t,ПЗМ,3.0
667,ФИО_667,10.23,t,НИЯУ МИФИ,2,10.23,t,НИЯУ МИФИ,2.0
668,ФИО_668,65.33,t,АСЭ Team-2,3,65.33,t,АСЭ Team-2,3.0
669,ФИО_669,56.03,t,"Команда ""АСЭ""",7,56.03,t,"Команда ""АСЭ""",7.0
670,ФИО_670,56.03,t,"Команда ""АСЭ""",7,56.03,t,"Команда ""АСЭ""",7.0
671,ФИО_671,51.8,t,"ФГУП ""Комбинат"" Электрохимприбор""",3,51.8,t,"ФГУП ""Комбинат"" Электрохимприбор""",3.0
672,ФИО_672,52.28,s,52.28,s,,,,
673,ФИО_673,40.93,s,40.93,s,,,,
674,ФИО_674,51.8,t,"ФГУП ""Комбинат"" Электрохимприбор""",3,51.8,t,"ФГУП ""Комбинат"" Электрохимприбор""",3.0
675,ФИО_675,56.8,s,56.8,s,,,,
676,ФИО_676,53.32,s,53.32,s,,,,
677,ФИО_677,47.8,s,47.8,s,,,,
678,ФИО_678,39.35,s,39.35,s,,,,
679,ФИО_679,71.58,t,ЛЕНАЭС Консист-ОС,2,71.58,t,ЛЕНАЭС Консист-ОС,2.0
680,ФИО_680,46.31,s,46.31,s,,,,
681,ФИО_681,48,t,КМТ,2,48,t,КМТ,2.0
682,ФИО_682,46.91,s,46.91,s,,,,
683,ФИО_683,82.07,t,Маяк-1,4,82.07,t,Маяк-1,4.0
684,ФИО_684,20,t,Крайнов/Шестаков КЛНАЭС,2,20,t,Крайнов/Шестаков КЛНАЭС,2.0
685,ФИО_685,43.21333333,t,"Рабочее место 7 Команда ""АЭМ-Атоммаш-Сервис""",2,43.21333333,t,"Рабочее место 7 Команда ""АЭМ-Атоммаш-Сервис""",2.0
686,ФИО_686,42.75,t,"Команда АО ""Гринатом""",2,42.75,t,"Команда АО ""Гринатом""",2.0
687,ФИО_687,71.3,s,71.3,s,,,,
688,ФИО_688,61.47,s,61.47,s,,,,
689,ФИО_689,67.04,t,"Райан Гослинг (АО ""НИИграфит"")",2,67.04,t,"Райан Гослинг (АО ""НИИграфит"")",2.0
690,ФИО_690,74.25,t,"АО ""ТВЭЛ"" 1",2,74.25,t,"АО ""ТВЭЛ"" 1",2.0
691,ФИО_691,54.42,t,НВАЭС,2,54.42,t,НВАЭС,2.0
692,ФИО_692,22,t,"АО ""РИР"" Team-1",3,22,t,"АО ""РИР"" Team-1",3.0
693,ФИО_693,50.53,s,50.53,s,,,,
694,ФИО_694,5,t,ГСПИ_1,4,5,t,ГСПИ_1,4.0
695,ФИО_695,87.3,t,Сафронов/Шорников ЯОК,2,87.3,t,Сафронов/Шорников ЯОК,2.0
696,ФИО_696,68.39,t,"Команда ""АЭМ-1""",7,68.39,t,"Команда ""АЭМ-1""",7.0
697,ФИО_697,62.61,t,"АО ""Гринатом""",3,62.61,t,"АО ""Гринатом""",3.0
698,ФИО_698,66.31,t,"АО ""ТВЭЛ"" 2",2,66.31,t,"АО ""ТВЭЛ"" 2",2.0
699,ФИО_699,37.08,s,37.08,s,,,,
700,ФИО_700,5,t,МАЯК_1,4,5,t,МАЯК_1,4.0
701,ФИО_701,71.58,t,ЛЕНАЭС Консист-ОС,2,71.58,t,ЛЕНАЭС Консист-ОС,2.0
702,ФИО_702,69.26,s,69.26,s,,,,
703,ФИО_703,22.95,t,AKKUYU NÜKLEER,2,22.95,t,AKKUYU NÜKLEER,2.0
704,ФИО_704,54.7,s,54.7,s,,,,
705,ФИО_705,31.93,s,31.93,s,,,,
706,ФИО_706,40.5,s,40.5,s,,,,
707,ФИО_707,54.1,s,54.1,s,,,,
708,ФИО_708,63.23,t,Рос СЭМ,3,63.23,t,Рос СЭМ,3.0
709,ФИО_709,53.65,t,"ФГУП ""ПСЗ"" - 1",2,53.65,t,"ФГУП ""ПСЗ"" - 1",2.0
710,ФИО_710,50.09,s,50.09,s,,,,
711,ФИО_711,56.56,s,56.56,s,,,,
712,ФИО_712,25.43,s,25.43,s,,,,
