№,ФИО,Компетенция,"Баллы, ед.","Баллы, %",Баллы по ключевым навыкам,A - Модуль A. Выполнение измерений фотометрическим методом,Максимальное значение,Результат,1 Правильное использование дополнительных СИЗ в зависимости от вида работ,1 Использование резиновых перчаток,2 Использование респиратора,3 Использование защитных очков,2 Безопасная организация и проведение работ,"4 Безопасное перемещение по площадке, безопасный перенос реактивов, материалов, сливов","5 Безопасное выполнение работ с посудой, СИ, приспособлениями",6 Рациональная организация рабочего места,3 Соблюдение правил экологической безопасности,7 Соблюдение правил утилизации отходов,4 Соблюдение условий проведения измерений в лаборатории,8 Контроль за микроклиматическими условиями при выполнении измерений,9 Проведение проверки сроков годности СИ,"5 Соблюдение правил использования лабораторной посуды, приспособлений",10 Подготовка лабораторной посуды и приспособлений к работе,"11 Маркировка  посуды, приспособлений","12 Промывка посуды, приспособлений перед использованием при необходимости","13 Соблюдение правил работы с мерной посудой мерными колбами, цилиндрами","6 Соблюдение правил работы с реактивами, растворами, пробами",14 Контроль пригодности реактивов и растворов,"15 Соблюдение правил отбора растворов, анализируемой пробы",7 Проведение работ по подготовке пробы методом ионообменной хроматографии,16 Соблюдение правил отбора пробы для разделения на хроматографической колонке,17 Соблюдение правил разделения ионов на хроматографической колонке,8 Приготовление растворов заданной концентрации,18 Соблюдение правил приготовления рабочего градуировочного раствора никеля,19 Соблюдение правил приготовления градуировочных растворов никеля,9 Выполнение измерений фотометрическим методом,20 Соблюдение правил отбора пробы никеля для фотометрирования,21 Соблюдение правил приготовления фотометрируемых растворов никеля,22 Соблюдение правил отбора пробы железа для фотометрирования,23 Соблюдение правил отбора раствора добавки железа для фотометрирования,24 Соблюдение правил приготовления фотометрируемых растворов железа,10 Эксплуатация и обслуживание фотометра,25 Соблюдение правил эксплуатации фотометра,26 Соблюдение правил проведения измерений градуировочных растворов на фотометре,27 Соблюдение правил проведения измерений растворов проб никеля на фотометре,28 Соблюдение правил проведения измерений растворов проб никеля дифференциальным методом,29 Соблюдение правил проведения измерений фотометрируемых растворов железа на фотометре,30 Соблюдение правил работы с кюветами,11 Техника работы с механическим дозатором,31 Соблюдение правил работы с дозатором,"12 Оформление данных в протоколе с учетом требований к лабораториям, выполняющим измерения","32 Фиксация в протоколе условий проведения измерений микроклимата, пригодности СИ, реактивов","33 Фиксация измеренных величин объемы, оптическая плотность",34 Фиксация выполнения расчета приготовления рабочего градуировочного раствора никеля,35 Фиксация выполнения расчета массовой концентрации градуировочных растворов никеля,36 Фиксация выполнения расчета объема добавки железа,37 Приведение единиц измерений,38 Фиксация проверки полноты вымывания,39 Оформление протокола,"13 Оформление данных в протоколе с учетом требований, предъявляемых при построении градуировочного графика","Z1 Соблюдены требования при построении градуировочного графика Экспертная оценка. Обнулить аспекты 40,41,42,43,44",40 Соблюдение требований к градуировочному графику,14 Оформление данных в протоколе при выдаче результата определения,41 Расчет массовой концентрации никеля,42 Проверка сходимости результатов параллельных измерений массовой концентрации никеля,"Z2 Соблюдение условия сходимости параллельных измерений массовой концентрации никеля . Экспертная оценка. Обнулить аспекты 43,44",43 Представление результата определения массовой концентрации никеля с учетом погрешности,44 Соответствие полученного результата массовой концентрации никеля опорному значению,45 Расчет массовой концентрации железа добавленного в фотометрируемый объем,46 Расчет массовой концентрации железа,47 Проверка сходимости результатов параллельных определений массовой концентрации железа,"Z3 Соблюдение условия сходимости параллельных определений. Экспертная оценка. Обнулить аспекты 48,49",48 Представление результата определения массовой концентрации железа с учетом погрешности,49 Соответствие полученного результата массовой концентрации железа опорному значению,B - Модуль B. Определения общей обменной емкости сильноосновных анионитов,Максимальное значение.1,Результат.1,1 Правильное использование СИЗ в зависимости от вида работ,1 Выполнение требований охраны труда при использовании химических веществ,2 Безопасная организация и проведение работ.1,"2 Безопасное перемещение по площадке, безопасный перенос реактивов, материалов, сливов","3 Безопасное выполнение работ с посудой, СИ, приспособлениями",4 Рациональная организация рабочего места,3 Соблюдение правил экологической безопасности.1,5 Соблюдены правила утилизации отходов,4 Соблюдение условий проведения измерений в лаборатории.1,6 Соблюдение условий проведения измерений в лаборатории,7 Проведение проверки сроков годности СИ,"5 Соблюдение правил использования лабораторной посуды, приспособлений.1",8 Подготовка лабораторной посуды и приспособлений к работе,"9 Соблюдение правил работы с мерной посудой мерными колбами, цилиндрами, пипетками",10 Правильный сбор  и использование титровальной установки,6 Соблюдение правил работы с приборами,11 Проверка технического состояния и работоспособности преобразователя ионометрического,"12 Правильная техника работы с электродом, термокомпенсатором, электромагнитной мешалкой",13 Правильное проведение проверки калибровки преобразователя ионометрического,"Z1 Правильная интерпретация результатов проверки калибровки прибора обнуляет аспекты 24,27,28,29,35,36,37,38,39,40","7  правил работы с реактивами, растворами и пробами",14 Контроль пригодности реактивов и растворов.1,"15 Соблюдение правил отбора растворов, анализируемых проб",16 Соблюдение правил подготовки проб для титрования,17 Соблюдение правил работы с анионитом,18 Расход реактивов,8 Стандартизация титрованного раствора,19 Соблюдение правил  титрования при установлении коэф поправки раствора азотнокислой ртути,20 Соблюдение правил стандартизации титрованного раствора,21 Определение КТТ  при установлении коэф поправки раствора азотнокислой ртути,9 Техника  титрования,22 Соблюдение правил тирования при определении сильноосновной обменной емкости СОЕ,23 Определение КТТ  при определении СОЕ,24 Соблюдение правил титрования при определении слабоосновной обменной емкости СлОЕ,"10 Оформление данных в протоколе с учетом требований к лабораториям, выполняющим измерения",25 Приведение данных в протоколе,26 Выбор буферных растворов для проверки калибровки преобразователя ионометрического,27 Результаты проверки калибровки преобразователя ионометрического,28 Вывод о результате проверки калибровки рН-метра,"29 Фиксация измеренных величин объемы пошедшие на тирование, замеры рН",30 Приведение единиц измерений,31 Оформление протокола,"11 Оформление данных в протоколе с учетом требований, предъявляемых при стандартизации титрованного раствора","Z2 Расчет коэф. поправки. Обнулить аспекты 32,33,34,37,38,39,40",32 Обработка результатов стандартизации титрованного раствора азотнокислой ртути,12 Оформление данных в протоколе при выдаче результатов анализа,"Z3 Результат измерения СОЕ. Обнулить аспекты по СОЕ  Обнуляет аспекты 34,37,38,39,40",33 Обработка результатов титрования при определении сильноосновной обменной емкости,34 Представление результатов измерений сильноосновной обменной емкости,"Z4 Результат измерения СлОЕ. Обнулить аспекты по СлОЕ обнуляет аспекты 36,37,38,39,40",35 Обработка результатов титрования при определении слабоосновной обменной емкости,36 Представление результатов измерений слабоосновной обменной емкости,"Z5 Результат измерения ОБЕ. Обнулить аспекты по ОБЕ  обнуляет аспекты 37,38,39,40",37 Расчет общей обменной емкости,38 Представление результатов общей обменной емкости,39 Заключение о соответствии  анализируемого объекта норме по  результатам анализа ОБЕ,40 Соответствие полученного результата ОБЕ опорному значению,C - Модуль С. Методика выполнения измерений перманганатной окисляемости проб питьевых и природных вод,Максимальное значение.2,Результат.2,1 Правильное использование дополнительных СИЗ в зависимости от вида работ.1,1 Правильное использование резиновых перчаток,2 Использование средств защиты рук при работе с нагретыми предметами,3 Использование защитных очков.1,2 Безопасная организация и проведение работ.2,"4 Безопасное перемещение по площадке, безопасный перенос реактивов, нагретых растворов, материалов, сливов","5 Безопасное выполнение работ с посудой, СИ, приспособлениями.1",6 Рациональная организация рабочего места.1,3 Соблюдение правил экологической безопасности.2,7 Соблюдение правил утилизации отходов.1,4 Соблюдение условий проведения измерений в лаборатории.2,"8 Контроль микроклимата при выполнении измерений, при опрделении коэффициента поправки",9 Проведение проверки сроков годности СИ.1,"5 Соблюдение условий правильного использования лабораторной посуды, приспособлений",10 Подготовка лабораторной посуды и приспособлений к работе.1,"11 Маркировка посуды, приспособлений","12 Промывка посуды, приспособлений перед использованием при необходимости.1","13 Соблюдение правил работы с мерной посудой мерными колбами, цилиндрами, пипетками",14 Правильная подготовка и выполнение работ на титровальной установке,6 Соблюдение правил работ с электронагревательным оборудованием,15 Соблюдение правил работ с электронагревательным оборудованием,"7 Соблюдение правил работы с реактивами, растворами, анализируемой пробой",16 Контроль пригодности реактивов и растворов,"17 Соблюдены правила отбора пробы, реактивов, анализируемой пробы",8 Определение коэффициента поправки к рабочему раствору пермнганта калия,18 Соблюдение правил подготовки проб при определении коэффициента поправки,19 Соблюдение правил титрования при определении коэффициента поправки,20 Установление КТТ при определении коэффициента поправки,21 Регистрация объема раствора перманганата калия при определении коэффициента поправки,22 Соблюдение общих требований к процедуре по определению коэффициента поправки раствора,9 Техника перманганатометрического титрования анализируемой пробы,23 Соблюдение правил подготовки анализируемых проб для титрования,24 Соблюдение правил подготовки холостых проб для титрования,25 Соблюдение правил перманганатометрического титрования проб,26 Установление КТТ при пермангантатометрическом титровании проб,27 Регистрация объема раствора перманганата калия при перманганатометрическом титровании проб,"10 Оформление данных в протоколе с учетом требований к лабораториям, выполняющим измерения.1","28 Фиксация в протоколе условий проведения измерений микроклимата, пригодности СИ, реактивов","29 Фиксация измеренных величин объемы аликвот, объемы титранта",30 Указание единиц измерений,31 Оформление протокола.1,"11 Оформление данных в протоколе с учетом требований, предъявляемых при определении коэффициента поправки раствора",32 Расчет объема раствора перманганата калия при определении коэффициента поправки,33 Расчет коэффициента поправки к раствору перманганата калия,Z1 Соблюдены условия использования титрованного раствора перманганата калия Обнулить аспекты 35-41,12 Оформление данных в протоколе при выдаче результата измерений анализируемой пробы,34 Формула для расчета перманганатной окисляемости анализируемой пробы,35 Вычисление результата измерений перманганатной окисляемости анализируемой пробы,36 Проверка сходимости результатов параллельных определений,Z2 Соблюдено условие сходимости параллельных определений Обнулить аспекты 37-41,37 Оценка влияния состава пробы на результат измерений перманганатной окисляемости,38 Оценка влияния состава пробы на результат измерений перманганатной окисляемости,Z3 Соблюдено условие оценки влияния на результаты измерений перманганатной окисляемости анализируемой пробы Обнулить аспекты 39-41,39 Представление результата измерений перманганатной окисляемости в анализируемой пробе,40 Сопоставление окончательного результата с опорным значением,13 Оформление данных в протоколе при проведении контроля качества результатов измерений,41 Выполнение контроля стабильности прецизионности при реализации методики,"D - Модуль D. Идентификация растворителя, количественное определение компонентов анализируемой смеси рефрактометрическим методом",Максимальное значение.3,Результат.3,1 Правильное использование дополнительных СИЗ в зависимости от вида работ.2,1 Правильное использование резиновых перчаток.1,2 Защита органов дыхания,3 Использование защитных очков.2,2 Безопасная организация и проведение работ.3,"4 Безопасное перемещение по площадке,     безопасный перенос реактивов,     материалов,     сливов","5 Безопасное выполнение работ с посудой,     СИ,     приспособлениями",6 Рациональная организация рабочего места.2,3 Соблюдение правил экологической безопасности.3,7 Соблюдены правила утилизации отходов,4 Соблюдение условий проведения измерений в лаборатории.3,8 Контроль микроклимата при выполнении измерений,9 Проведение проверки сроков годности СИ.2,"5 Соблюдение условий правильного использования лабораторной посуды,      приспособлений",10 Подготовка лабораторной посуды и приспособлений к работе.2,"11 Маркировка  посуды, приспособлений.1","12 Промывка посуды, приспособлений перед использованием при необходимости.2","13 Соблюдение правил работы с мерной посудой мерными колбами,            цилиндрами",6 Соблюдение правил работы с рефрактометром,14 Проведение юстировки рефрактометра,15 Правильная техника работы на рефрактометре,7 Соблюдение правил работы с весоизмерительным оборудованием,16 Проверка технического состояния и работоспособности весов,17 Правильная техника взвешивания,"8 Соблюдение правил работы с реактивами,    растворами,     анализируемой пробой",18 Контроль пригодности реактивов,19 Соблюдение правил отбора реактивов сыпучие вещества,20 Соблюдение правил отбора реактивов растворы,"21 Соблюдение правил приготовления растворов,                        анализируемой пробы",9 Идентификация веществ рефрактометрическим методом,22 Измерение показателя преломления растворителя в первой емкости,23 Измерение показателя преломления растворителя во второй емкости,10 Измерение показателей преломления растворов,24 Приготовление  растворов глюкозы и магния сернокислого для дифференциального метода,"Z1 Приготовление растворов заданной концентрации для дифференциального метода. Обнулить аспекты 40, 41, 42","25 Измерение показателей преломления растворов анализируемой пробы,   глюкозы,    магния сернокислого","Z2 Измерение показателей преломления раствора анализируемой пробы. Обнулить аспекты 40, 41, 42, 43, 44, 45, 46","Z3 Измерение показателей преломления растворов глюкозы, магния сернокислого для дифференциального метода. Обнулить аспекты 40, 41, 42",26 Приготовление градуировочных растворов глюкозы,27 Приготовление градуировочных растворов магния сернокислого,"Z4 Приготовление градуировочных растворов в заданном диапазоне концентраций. Обнулить аспекты 38, 39, 44, 45, 46",28 Измерение показателей преломления градуировочных растворов глюкозы,29 Измерение показателей преломления градуировочных растворов магния сернокислого,"Z5 Измерение показателей преломления градуировочных растворов глюкозы и магния сернокислого. Обнулить аспекты 38, 39, 44, 45, 46","11 Оформление данных в протоколе с учетом требований к лабораториям, выполняющим измерения","30 Фиксация в протоколе условий проведения измерений микроклимата, пригодности СИ, реактивов",31 Фиксация в протоколе данных о проверке юстировки рефрактометра,"32 Фиксация измеренных величин массы навесок, плотность растворов, показатели преломления, температура",33 Приведение единиц измерений,34 Оформление протокола,"12 Оформление данных в протоколе с учетом требований, предъявляемых при идентификации веществ рефрактометрическим методом",35 Расчет теоретических молекулярных рефракций,36 Расчет молекулярных рефракций по формуле Лоренца - Лоренца,"13 Оформление данных в протоколе с учетом требований, предъявляемых при подготовке к проведению измерений",37 Приготовление 10 раствора глицерина,38 Построение калибровочных графиков,39 Определение факторов показателя преломления для глюкозы и магния сернокислого,14 Оформление данных в протоколе при выдаче результата определения.1,40 Определение содержания глюкозы и магния сернокислого в анализируемой пробе дифференциальным методом,41 Представление результата содержания глюкозы и магния дифференциальным методом в анализируемой пробе с учетом погрешности,42 Соответствие результата определения дифференциальным методом опорному значению с учетом погрешности,43 Приведение показателя преломления анализируемой пробы к 20 градусам,44 Решение системы уравнений,45 Представление результата определения концентрации глюкозы и магния сернокислого с учетом погрешности,46 Соответствие результата определения опорному значению с учетом погрешности,E - Модуль Е. Определение процентного содержания  азотнокислого натрия в смеси с хлоридом и йодидом калия кондуктометрическим методом,Максимальное значение.4,Результат.4,1 Правильное использование дополнительных СИЗ в зависимости от вида работ.3,1 Правильное использование резиновых перчаток.2,"2 Использование защитных очков, респиратора",2 Безопасная организация и проведение работ.4,"3 Безопасное перемещение по площадке, безопасный перенос реактивов, материалов, сливов","4 Безопасное выполнение работ с посудой, СИ, приспособлениями",5 Рациональная организация рабочего места,3 Соблюдение правил экологической безопасности.4,6 Соблюдены правила утилизации отходов,4 Соблюдение условий проведения измерений в лаборатории.4,"7 Контроль микроклимата при выполнении измерений, при установлении коэф поправки",8 Проведение проверки сроков поверки СИ,"5 Соблюдение условий правильного использования лабораторной посуды, приспособлений.1",9 Подготовка лабораторной посуды и приспособлений к работе,"10 Маркировка  посуды, приспособлений","11 Промывка посуды, приспособлений перед использованием","12 Соблюдение правил работы с мерной посудой мерными колбами, цилиндрами, пипетками",13 Правильный сбор  и использование   установки для кондуктометрического титрования,"6 Соблюдение правил работы с реактивами, растворами, пробами.1",14 Проверка технического состояния и работоспособности весов,15 Правильная техника взвешивания,16 Контроль пригодности реактивов и растворов.1,"17 Соблюдение правил приготовления раствора нитрата серебра с концентрацией 0,1 М","18 Соблюдение правил приготовления  раствора нитрата серебра с концентрацией 0,01 М","19 Соблюдены правила отбора пробы, реактивов",20 Соблюдение правил подготовки анализируемых проб,7 Стандартизация титрованного раствора кондуктометрическим методом,21 Соблюдение правил подготовки проб для титрования установление коэф поправки,22 Соблюдение правил  титрования при установлении коэф поправки раствора нитрата серебра,23 Определение точки эквивалентности  при установлении коэф поправки раствора нитрата серебра,24 Фиксация показаний СИ бюретка при установлении коэф поправки,25 Соблюдение правил стандартизации титрованного раствора,26 Работа с прибором и датчиком при установке коэффициента,27 Проведение предварительного титрования,8 Техника  титрования,28 Соблюдение правил подготовки проб для титрования суммы хлорида и йодида калия анализируемая проба,29 Соблюдение правил подготовки проб для титрования йодида калия анализируемая проба,30 Работа с прибором и датчиком при титровании пробы,31 Определение точки эквивалентности   при титровании суммы хлорида и йодида калия раствором нитрата серебра,32 Определение точки эквивалентности  при титровании йодида калия раствором нитрата серебра,"9 Оформление данных в протоколе с учетом требований к лабораториям, выполняющим измерения","33 Фиксация в протоколе условий проведения измерениймикроклимата, пригодности СИ, реактивов","34 Фиксация измеренных величин объемы аликвот, объемы на титрование",35 Приведение единиц измерений,36 Оформление протокола,"10 Оформление данных в протоколе с учетом требований, предъявляемых при стандартизации титрованного раствора",37 Построение кривой титрования,38 Построение кривой титрования при установке коэффициента поправки раствора азотнокислого серебра,"Z1 Правильное построение линий тренда при обработке графика. Обнулить аспекты  39, 40, 41,  43, 44, 45, 46, 47 ,48, 49, 50",39 Расчет эквивалентного объема раствора азотнокислого серебра,"Z2 Правильное нахождение эквивалентного объема при определении коэффициента поправки раствора азотнокислого серебра. Обнулить аспекты  40, 41, 43, 44, 45, 46, 47 ,48, 49, 50",40 Выполнено условие сходимости объемов титранта при установке коэффициента,41 Расчет коэф поправки раствора нитрата серебра,"Z3 Соблюдено условие приемлемости коэф поправки Обнулить аспекты 43,44,45,46,47.48,49,50",11 Оформление данных в протоколе при выдаче результата определения,42 Представлен расчет для разбавления раствора нитрата серебра,43 Расчет объема титранта для опредения хлорида калия в смеси,44 Расчет массовой доли хлорида калия в пробе,45 Расчет массовой доли йодида калия в пробе,46 Расчет массовой доли нитрата натрия в пробе,47 Приемлемость результатов параллельных определений,"Z4 Соблюдено условие приемлемости параллельных определений. Обнулить аспекты 48,49.50",48 Расчет абсолютной погрешности  массовой доли нитрата натрия,49 Представление результата  массовой доли нитрата натрия с учетом погрешности,50 Сравнение с опорным значением экспертная оценка
1,ФИО_53,Аналитический контроль,100,"36,01","36,01",,20,"8,6",,"0,1","0,1","0,1",,"0,1","0,1","0,13",,0,,"0,2","0,4",,"0,2","0,2",0,"0,23",,"0,3",0,,"0,2","0,7",,0,"0,6",,"0,2","0,3","0,15",0,0,,"0,4","0,9","0,9","0,1",0,"0,17",,"0,32",,"0,2","0,2","0,2",0,0,0,0,"0,15",,,"0,3",,"0,45",0,,0,0,0,0,0,,0,0,,20,"3,04",,"0,3",,"0,1","0,1","0,1",,0,,0,0,,"0,1",0,"0,4",,0,"0,24","0,2",,,"0,1","0,4","0,1",0,"0,1",,"0,2",0,0,,0,0,0,,"0,4",0,0,0,0,0,"0,2",,,0,,,0,0,,0,,,0,0,0,0,,20,"11,72",,"0,2","0,2","0,15",,"0,15","0,2","0,1",,0,,"0,2","0,1",,"0,2","0,2",0,"0,27","0,8",,"0,1",,"0,2",0,,"1,2","0,4","0,2",0,"0,4",,"1,2",1,"0,4","0,1",0,,"0,3","0,2","0,1","0,1",,"0,15","0,3",,,1,1,"0,6",,0,0,,0,0,0,0,,20,"5,73",,"0,1","0,1",0,,"0,2","0,2","0,07",,0,,"0,3",0,,"0,1",0,0,"0,17",,"0,2","0,16",,"0,1","0,1",,"0,3","0,3","0,3","0,6",,"0,4","0,4",,0,,"0,9",,,0,0,,0,0,,,"0,2",0,"0,2",0,"0,33",,0,0,,0,0,0,,0,0,0,0,0,0,,,20,"6,92",,"0,1","0,1",,"0,1","0,2","0,14",,0,,"0,2","0,2",,"0,1",0,"0,1","0,08","0,4",,"0,1","0,4","0,1","0,6","0,2","0,4","0,6",,"0,3",0,0,"0,2","0,2","0,5","0,5",,0,0,"0,6",0,0,,"0,3","0,1",0,0,,0,0,0,0,,0,0,,,"0,1",0,0,0,0,0,,0,0,0
2,ФИО_95,Аналитический контроль,100,"49,56","49,56",,20,"9,93",,"0,1","0,1","0,1",,"0,1","0,1","0,08",,0,,"0,2","0,4",,"0,2","0,2","0,2","0,3",,"0,3","0,2",,"0,2","0,6",,0,"0,4",,"0,2","0,3","0,15","0,15","0,2",,"0,8","0,9","0,9","0,1","0,9","0,17",,"0,2",,"0,2","0,4",0,0,0,0,0,"0,08",,,0,,0,0,,0,0,0,"0,3","0,2",,0,0,,20,"11,66",,"0,3",,"0,1",0,0,,0,,"0,2","0,2",,"0,4","0,13",1,,"0,1","0,6","0,4",,,"0,1","0,3","0,2",1,0,,"0,4","0,4","0,3",,"0,4","0,33","0,8",,"0,2","0,2","0,6","0,2",0,0,"0,4",,,1,,,"0,3","1,1",,0,,,0,0,0,0,,20,"8,94",,0,"0,2","0,15",,"0,15","0,2","0,1",,0,,"0,2","0,1",,"0,2","0,2","0,2","0,21","0,8",,"0,1",,"0,2","0,25",,"0,8","0,4","0,08",0,"0,4",,"1,5",1,"0,4",0,0,,"0,2","0,2",0,"0,1",,"0,3","0,3",,,0,0,0,,0,0,,0,0,0,0,,20,"7,66",,"0,1","0,1","0,1",,"0,2","0,2","0,23",,0,,"0,3","0,1",,"0,1",0,"0,1","0,3",,"0,2","0,2",,"0,1","0,1",,"0,3","0,3","0,3","1,8",,"0,4","0,4",,0,,"0,9",,,0,0,,0,0,,,"0,1",0,"0,4",0,"0,33",,0,0,,0,0,0,,0,0,0,0,0,0,,,20,"11,37",,"0,1","0,1",,"0,1","0,2","0,28",,0,,"0,2","0,2",,0,"0,1","0,1","0,2","0,3",,"0,1",0,"0,1","0,8","0,2","0,4","0,6",,"0,3","0,4","0,3","0,2","0,2","0,5","0,5",,"0,4","0,6","0,8",0,0,,"0,3","0,3",0,"0,19",,"0,3","1,5",0,"0,4",,0,0,,,"0,1",0,0,0,0,0,,0,0,0
3,ФИО_100,Аналитический контроль,100,"39,92","39,92",,20,"7,74",,"0,1","0,1","0,1",,"0,1",0,"0,01",,"0,3",,"0,2","0,4",,"0,2",0,0,"0,17",,"0,3","0,2",,"0,2","0,4",,0,"0,4",,"0,2","0,1",0,0,0,,"0,6","1,2","0,9",0,0,"0,17",,"0,16",,"0,3","0,4","0,2","0,2",0,0,0,"0,13",,,0,,0,0,,0,0,0,0,0,,0,0,,20,"9,95",,"0,3",,"0,1","0,1","0,14",,0,,0,"0,2",,"0,4","0,19","0,8",,0,"1,08","0,4",,,"0,1","0,4","0,2","1,25","0,1",,"0,4",0,"0,02",,"0,4","0,21","1,2",,"0,2","0,2","0,6","0,2","0,2",0,"0,56",,,0,,,0,0,,0,,,0,0,0,0,,20,"7,67",,"0,2","0,2","0,15",,"0,15","0,2","0,1",,"0,15",,"0,2","0,1",,"0,2","0,2","0,2","0,27","0,6",,"0,1",,"0,2","0,25",,"0,4",0,"0,1",0,"0,2",,"0,9","0,6",0,"0,1",0,,"0,3","0,1","0,1","0,1",,"0,3",0,,,1,0,0,,0,0,,0,0,0,0,,20,"7,2",,"0,1","0,1","0,1",,0,"0,2","0,27",,0,,"0,3","0,1",,"0,1","0,1","0,1","0,3",,"0,2","0,16",,"0,1","0,1",,"0,3","0,3","0,3","1,8",,"0,4","0,4",,0,,0,,,"0,5",0,,0,0,,,"0,2",0,"0,4",0,"0,27",,0,0,,0,0,0,,0,0,0,0,0,0,,,20,"7,36",,"0,1","0,1",,"0,1","0,2","0,23",,"0,2",,"0,2","0,2",,"0,1","0,1",0,"0,2","0,3",,"0,1","0,4","0,1","0,8",0,"0,4","0,6",,"0,2","0,4",0,"0,2",0,"0,5","0,5",,0,0,0,0,0,,"0,3","0,1","0,2","0,23",,"0,3",0,0,0,,0,0,,,0,0,0,0,0,0,,0,0,0
4,ФИО_152,Аналитический контроль,100,"31,26","31,26",,20,"5,82",,"0,1","0,1","0,1",,"0,1","0,1","0,13",,"0,3",,"0,2","0,4",,"0,2","0,2",0,"0,17",,"0,3","0,2",,0,0,,"0,2","0,4",,0,0,0,0,0,,"0,6","1,2",0,0,0,"0,23",,"0,12",,"0,2","0,2",0,0,0,0,0,"0,07",,,0,,0,0,,0,0,0,0,0,,0,0,,20,"7,63",,"0,3",,"0,1","0,1","0,2",,"0,2",,0,"0,2",,"0,3","0,11",1,,"0,2","0,84","0,3",,,"0,1","0,4","0,1","1,25","0,1",,"0,4","0,4","0,14",,"0,4","0,09",0,,"0,2",0,0,0,0,0,"0,2",,,0,,,0,0,,0,,,0,0,0,0,,20,"5,73",,"0,2","0,2","0,15",,"0,15","0,2","0,16",,"0,15",,"0,2","0,1",,"0,2","0,2","0,2","0,27","0,6",,"0,1",,"0,2","0,25",,"0,4","0,4",0,0,"0,6",,0,0,0,0,0,,"0,3","0,1",0,"0,1",,0,"0,3",,,0,0,0,,0,0,,0,0,0,0,,20,"6,46",,"0,1","0,1","0,1",,"0,2","0,2","0,27",,"0,3",,"0,3","0,1",,"0,1",0,0,"0,2",,"0,2","0,16",,"0,1","0,1",,0,"0,3","0,3","1,2",,"0,4",0,,0,,"0,9",,,0,0,,0,0,,,"0,1",0,"0,4",0,"0,33",,0,0,,0,0,0,,0,0,0,0,0,0,,,20,"5,62",,"0,1","0,1",,"0,1","0,2","0,19",,0,,"0,1",0,,0,"0,1",0,"0,2","0,3",,0,"0,4",0,"0,6","0,2",0,"0,6",,"0,3","0,4","0,3","0,2","0,2","0,4",0,,0,0,0,0,0,,"0,2","0,2",0,"0,23",,0,0,0,0,,0,0,,,0,0,0,0,0,0,,0,0,0
5,ФИО_178,Аналитический контроль,100,"70,33","70,33",,20,"19,16",,"0,1","0,1","0,1",,"0,1","0,1","0,15",,"0,3",,"0,2","0,4",,"0,2",0,"0,2","0,33",,"0,3","0,2",,"0,2","0,8",,"0,2","0,6",,"0,2","0,3","0,15","0,15","0,2",,"0,8","1,2","0,9","0,1","0,9","0,33",,"0,36",,"0,3","0,4","0,2","0,2","0,2","0,3","0,4","0,19",,,"0,6",,"0,9","0,6",,"0,7","0,9","0,3","0,6","0,6",,"0,7","0,9",,20,"13,33",,"0,3",,"0,1",0,"0,12",,0,,"0,2","0,2",,"0,4","0,08",1,,"0,1","0,72","0,4",,,"0,1","0,3","0,2","1,25","0,1",,"0,2","0,8","0,23",,"0,4","0,33",1,,"0,2","0,2","0,6","0,2","0,4",0,"0,6",,,1,,,"0,3","1,1",,"0,2",,,0,0,0,0,,20,"12,25",,"0,2","0,2","0,15",,"0,15","0,2","0,1",,"0,15",,"0,2","0,1",,"0,2","0,2","0,2","0,53","0,8",,"0,1",,"0,2","0,25",,"0,8","0,4","0,2","0,4","0,6",,"1,5",1,"0,4","0,2","0,5",,"0,3","0,2","0,1","0,12",,"0,3","0,3",,,0,0,0,,1,0,,0,0,0,0,,20,"13,58",,"0,1","0,1","0,1",,"0,2","0,2","0,37",,0,,"0,3","0,1",,0,0,"0,1","0,33",,"0,2","0,16",,"0,1","0,1",,0,"0,3","0,3","1,8",,"0,4","0,4",,"0,5",,"0,6",,,"0,5","0,5",,"0,9","0,9",,,"0,2","0,3","0,6","0,2","0,67",,"0,2","0,2",,0,0,0,,"0,6","0,35","0,7",0,0,0,,,20,"12,01",,"0,1","0,1",,"0,1","0,2","0,23",,"0,2",,"0,2","0,2",,"0,1","0,1","0,1","0,4","0,4",,"0,1","0,4","0,1","0,8","0,2","0,4","0,6",,"0,2","0,4","0,3","0,2","0,4","0,5","0,5",,"0,4","0,6",1,0,0,,"0,3","0,3",0,"0,23",,"0,3","1,25",0,0,,0,0,,,"0,1",0,0,0,0,0,,0,0,0
6,ФИО_207,Аналитический контроль,100,"35,63","35,63",,20,"8,92",,"0,1","0,1","0,1",,"0,1",0,"0,12",,0,,"0,2","0,4",,"0,2",0,"0,2","0,2",,"0,3","0,2",,"0,2","0,6",,"0,2","0,6",,"0,2","0,3",0,0,"0,2",,"0,6","1,2","0,9","0,1",0,"0,23",,"0,2",,"0,2","0,4","0,2",0,0,"0,3",0,"0,07",,,0,,0,0,,0,0,0,0,0,,0,0,,20,"5,92",,"0,3",,"0,1","0,1","0,08",,0,,0,"0,2",,"0,3",0,"0,8",,"0,1","0,84","0,4",,,"0,1","0,2","0,1","0,5",0,,0,"0,4","0,09",,0,"0,09",0,,"0,2",0,"0,6",0,0,"0,3","0,12",,,0,,,0,0,,0,,,0,0,0,0,,20,"8,57",,"0,2","0,2","0,15",,"0,15","0,2","0,1",,0,,"0,2","0,1",,0,"0,2","0,2","0,27","0,6",,"0,1",,"0,2","0,25",,"0,4",0,"0,1","0,4","0,4",,"0,9","0,6",0,"0,1","0,5",,"0,3","0,2",0,"0,1",,"0,15","0,3",,,1,0,0,,0,0,,0,0,0,0,,20,"5,01",,"0,1","0,1","0,1",,"0,2","0,2","0,17",,0,,"0,3",0,,"0,1",0,"0,1","0,03",,0,"0,08",,"0,1","0,1",,0,0,"0,3","0,6",,0,"0,4",,0,,0,,,0,0,,"0,6",0,,,"0,2","0,3","0,2","0,2","0,33",,"0,2",0,,0,0,0,,0,0,0,0,0,0,,,20,"7,21",,"0,1","0,1",,"0,1","0,2","0,28",,0,,"0,2","0,2",,0,"0,1","0,1","0,2","0,4",,"0,1","0,4","0,1","0,8",0,"0,4","0,6",,"0,3","0,4","0,3","0,2",0,"0,5",0,,0,0,"0,6",0,0,,"0,2","0,1",0,"0,23",,0,0,0,0,,0,0,,,0,0,0,0,0,0,,0,0,0
7,ФИО_214,Аналитический контроль,100,"63,04","63,04",,20,"11,29",,"0,1","0,1","0,1",,"0,1","0,1","0,13",,0,,"0,2","0,4",,"0,2","0,2","0,2","0,17",,"0,3",0,,"0,2","0,6",,"0,2","0,6",,"0,2","0,3","0,15","0,15","0,2",,"0,8","1,2","0,9","0,1","0,6","0,2",,"0,24",,"0,1","0,4","0,2",0,0,0,"0,4","0,15",,,0,,"0,9","0,2",,0,0,0,0,0,,0,0,,20,"14,1",,"0,3",,"0,1","0,1","0,12",,0,,"0,2","0,2",,"0,4","0,27",1,,"0,1","0,96","0,4",,,"0,1","0,4","0,2","1,25","0,1",,"0,4","0,8","0,19",,"0,4","0,23","1,4",,"0,4","0,2","0,6","0,2","0,2",0,"0,48",,,1,,,"0,3","1,1",,0,,,0,0,0,0,,20,"13,2",,"0,2","0,2","0,15",,"0,15","0,2","0,08",,0,,"0,2","0,1",,"0,2","0,2","0,2","0,27","0,6",,"0,1",,"0,2","0,25",,"1,2","0,4","0,1","0,4","0,6",,"1,5",1,"0,4","0,1","0,5",,"0,3","0,2",0,"0,2",,"0,3","0,3",,,1,1,"0,4",,0,0,,0,0,0,0,,20,"16,98",,"0,1","0,1","0,1",,"0,2","0,2","0,33",,0,,"0,3","0,1",,"0,1","0,1",0,"0,27",,"0,2","0,2",,"0,1","0,1",,"0,3","0,3",0,"1,8",,"0,4","0,4",,"0,5",,"0,9",,,"0,5","0,5",,"0,9","0,9",,,"0,3","0,3","0,6",0,"0,93",,0,"0,2",,0,"0,75","0,2",,"0,6","0,7","0,7","0,1",1,"0,7",,,20,"7,47",,0,"0,1",,"0,1","0,2","0,42",,0,,"0,2","0,2",,"0,1",0,"0,1","0,32","0,4",,"0,1","0,4","0,1","0,8","0,1","0,4","0,6",,"0,3","0,4",0,"0,2","0,4","0,4",0,,0,0,0,0,0,,"0,3","0,2",0,"0,23",,"0,3",0,0,0,,0,0,,,"0,1",0,0,0,0,0,,0,0,0
8,ФИО_312,Аналитический контроль,100,"32,35","32,35",,20,"8,61",,"0,1","0,1","0,1",,"0,1","0,1","0,11",,0,,"0,2","0,4",,"0,2","0,2",0,"0,37",,"0,3","0,2",,0,"0,8",,0,"0,4",,"0,2","0,3","0,15","0,15","0,2",,"0,6","1,2",0,"0,1",0,"0,3",,"0,08",,"0,2","0,4","0,2",0,0,"0,3","0,4","0,15",,,0,,0,0,,0,0,0,0,0,,0,0,,20,"6,2",,"0,3",,"0,1","0,1","0,1",,"0,2",,0,0,,"0,3","0,13","0,8",,"0,2","1,2","0,4",,,"0,1","0,3","0,1","0,25","0,1",,"0,2",0,"0,19",,"0,2","0,21",0,,"0,4",0,0,0,0,0,"0,32",,,0,,,0,0,,0,,,0,0,0,0,,20,"7,62",,"0,2","0,2","0,15",,"0,15","0,2","0,1",,"0,15",,"0,2","0,1",,"0,2","0,2","0,2","0,27","0,6",,"0,1",,"0,2",0,,"0,4",0,"0,1","0,4","0,4",,"1,5",1,0,0,0,,"0,3","0,1","0,1","0,1",,0,0,,,0,0,0,,0,0,,0,0,0,0,,20,"3,6",,"0,1","0,1",0,,"0,2","0,2","0,23",,"0,3",,"0,3","0,1",,"0,1",0,"0,1",0,,0,"0,2",,"0,1","0,1",,"0,3",0,0,0,,0,0,,0,,0,,,0,0,,0,0,,,"0,3",0,"0,4",0,"0,27",,"0,2",0,,0,0,0,,0,0,0,0,0,0,,,20,"6,32",,"0,1","0,1",,"0,1","0,2","0,28",,"0,2",,"0,2",0,,0,0,0,"0,36","0,2",,"0,1","0,4","0,1","0,8","0,2","0,4","0,6",,"0,2",0,0,0,"0,2","0,4",0,,0,0,0,0,0,,"0,1","0,2","0,2","0,28",,"0,3",0,0,0,,0,0,,,"0,1",0,0,0,0,0,,0,0,0
9,ФИО_326,Аналитический контроль,100,"21,47","21,47",,20,"5,55",,"0,1","0,1","0,1",,"0,1","0,1","0,07",,"0,3",,"0,2","0,4",,0,"0,2",0,"0,3",,"0,3","0,2",,0,0,,"0,2","0,6",,"0,2","0,2",0,0,0,,"0,2","0,9",0,0,0,"0,3",,"0,08",,"0,2","0,2",0,0,0,0,0,0,,,0,,0,0,,0,0,0,0,0,,0,0,,20,"4,57",,"0,24",,"0,1","0,1","0,1",,0,,0,"0,2",,"0,3","0,03","0,6",,"0,2","0,96","0,4",,,"0,1",0,0,0,"0,1",,"0,4",0,0,,0,0,0,,"0,4",0,0,0,0,"0,3","0,04",,,0,,,0,0,,0,,,0,0,0,0,,20,"3,95",,"0,2",0,"0,15",,"0,15",0,"0,1",,0,,"0,2","0,1",,"0,2",0,0,0,"0,6",,"0,1",,"0,2","0,25",,"0,4",0,0,"0,4","0,6",,0,0,0,0,0,,"0,3",0,0,0,,0,0,,,0,0,0,,0,0,,0,0,0,0,,20,"2,93",,"0,1","0,1",0,,"0,2","0,2","0,07",,"0,3",,"0,15","0,1",,0,0,"0,1",0,,"0,2","0,08",,0,0,,0,0,"0,3",0,,0,"0,4",,0,,0,,,0,0,,0,0,,,"0,3",0,"0,2",0,"0,13",,0,0,,0,0,0,,0,0,0,0,0,0,,,20,"4,47",,"0,1","0,1",,"0,1","0,2","0,28",,0,,"0,2","0,2",,"0,1","0,1","0,1","0,16","0,3",,0,0,"0,1",0,0,"0,4",0,,"0,1","0,4",0,"0,2",0,"0,5",0,,0,0,0,0,0,,"0,3","0,1","0,2","0,23",,0,0,0,0,,0,0,,,0,0,0,0,0,0,,0,0,0
10,ФИО_391,Аналитический контроль,100,"46,08","46,08",,20,"6,99",,"0,1","0,1","0,1",,"0,1","0,1","0,05",,0,,"0,2","0,4",,"0,2","0,2","0,2","0,3",,"0,3",0,,"0,2","0,7",,0,0,,0,0,"0,15","0,15","0,1",,"0,8",0,0,0,"0,6","0,1",,"0,2",,"0,2","0,2","0,2",0,0,0,"0,4","0,04",,,0,,0,0,,0,0,"0,3","0,3",0,,0,0,,20,"9,07",,"0,3",,"0,1","0,1","0,14",,0,,"0,2","0,2",,"0,4","0,13","0,8",,"0,1","0,84","0,3",,,"0,1","0,3","0,1",1,"0,1",,"0,4","0,8","0,23",,"0,4","0,23",0,,"0,4","0,2",0,0,0,0,"0,2",,,1,,,0,0,,0,,,0,0,0,0,,20,"10,72",,"0,2","0,2","0,15",,"0,15","0,2","0,1",,0,,"0,2","0,1",,"0,2","0,2","0,2","0,27","0,6",,"0,1",,"0,2","0,25",,"0,4",0,0,"0,4","0,4",,"0,9","0,6","0,4",0,"0,5",,"0,2","0,2","0,1","0,1",,"0,3","0,3",,,1,1,"0,6",,0,0,,0,0,0,0,,20,"11,75",,"0,1","0,1",0,,"0,2","0,2","0,27",,0,,"0,3","0,1",,"0,1",0,"0,1","0,2",,"0,2","0,16",,"0,1","0,1",,"0,3","0,3",0,"1,8",,"0,4","0,4",,0,,"0,9",,,0,0,,"0,9","0,3",,,"0,2","0,3","0,8","0,2","0,67",,"0,2","0,2",,0,0,0,,"0,6","0,35","0,7",0,0,0,,,20,"7,55",,"0,1","0,1",,"0,1","0,2","0,14",,0,,"0,1","0,2",,"0,1","0,1",0,"0,08","0,4",,0,"0,4","0,1","0,6","0,2","0,4","0,6",,"0,2","0,4",0,0,0,"0,4",0,,0,0,0,0,0,,"0,3","0,2",0,"0,28",,0,"1,75",0,0,,0,0,,,"0,1",0,0,0,0,0,,0,0,0
11,ФИО_392,Аналитический контроль,100,"28,33","28,33",,20,"6,95",,"0,1","0,1","0,1",,"0,1","0,1","0,12",,"0,3",,"0,2","0,4",,"0,2",0,0,"0,13",,"0,3","0,2",,"0,2","0,3",,0,"0,6",,"0,2",0,0,0,0,,"0,6","1,2","0,9",0,0,0,,"0,2",,0,"0,4",0,0,0,0,0,0,,,0,,0,0,,0,0,0,0,0,,0,0,,20,"8,18",,"0,3",,"0,1","0,1","0,1",,"0,2",,0,"0,2",,"0,4","0,16",1,,"0,2","1,2","0,3",,,"0,1","0,4","0,2","1,25","0,1",,"0,4","0,4","0,02",,"0,4","0,05",0,,0,0,"0,4",0,0,0,"0,2",,,0,,,0,0,,0,,,0,0,0,0,,20,"4,01",,"0,2","0,2","0,15",,"0,15","0,2","0,1",,"0,15",,"0,2","0,1",,0,"0,2",0,"0,16","0,6",,"0,1",,"0,2",0,,"0,4","0,4","0,1",0,"0,2",,0,0,0,0,0,,0,0,"0,1","0,1",,0,0,,,0,0,0,,0,0,,0,0,0,0,,20,"3,32",,"0,1","0,1","0,1",,"0,2","0,2","0,1",,"0,3",,"0,15",0,,"0,1",0,"0,1",0,,"0,2","0,2",,0,0,,0,0,"0,3",0,,"0,4","0,4",,0,,0,,,0,0,,0,0,,,"0,1",0,"0,2",0,"0,07",,0,0,,0,0,0,,0,0,0,0,0,0,,,20,"5,87",,"0,1","0,1",,"0,1","0,2","0,19",,"0,2",,"0,1","0,2",,"0,1",0,0,"0,2","0,4",,"0,1","0,4","0,1","0,4",0,"0,4","0,3",,"0,2","0,4","0,3","0,2",0,"0,5",0,,0,0,0,0,0,,"0,1","0,3",0,"0,28",,0,0,0,0,,0,0,,,0,0,0,0,0,0,,0,0,0
12,ФИО_428,Аналитический контроль,100,"43,23","43,23",,20,"13,57",,"0,1","0,1","0,1",,"0,1","0,1","0,08",,0,,"0,2","0,4",,"0,2","0,2","0,2","0,3",,"0,3","0,2",,"0,2","0,8",,"0,2","0,6",,"0,2","0,3","0,15","0,15","0,2",,"0,8","1,2","0,9","0,1","0,9","0,23",,"0,4",,"0,3","0,4","0,2","0,2",0,"0,3","0,4","0,11",,,"0,3",,"0,45","0,4",,0,0,"0,3","0,3",0,,0,0,,20,"8,02",,"0,3",,"0,1","0,1","0,14",,"0,2",,"0,2","0,2",,"0,3","0,13","0,8",,"0,2","1,2","0,4",,,"0,1","0,4","0,2","0,75","0,1",,"0,2","0,4",0,,"0,2",0,0,,"0,2","0,2","0,6","0,2",0,0,"0,2",,,0,,,0,0,,0,,,0,0,0,0,,20,"7,97",,0,"0,2","0,15",,"0,15","0,2","0,1",,"0,15",,"0,2","0,1",,"0,2","0,2","0,2","0,27","0,6",,"0,1",,"0,2","0,25",,"1,2","0,4","0,1","0,4","0,6",,0,1,0,0,0,,"0,3","0,2","0,1","0,1",,0,"0,3",,,0,0,0,,0,0,,0,0,0,0,,20,"6,77",,"0,1","0,1","0,1",,"0,2","0,2","0,2",,0,,"0,3","0,1",,"0,1",0,"0,1","0,3",,"0,2","0,2",,"0,1","0,1",,"0,3","0,3","0,3","0,6",,0,"0,4",,"0,5",,"0,6",,,0,0,,0,0,,,"0,2","0,3","0,2","0,2","0,27",,"0,2",0,,0,0,0,,0,0,0,0,0,0,,,20,"6,9",,"0,1","0,1",,"0,1","0,2","0,19",,"0,2",,"0,2","0,2",,0,0,"0,1","0,28","0,4",,"0,1","0,4","0,1","0,6","0,2","0,4","0,6",,"0,2","0,4","0,3","0,2","0,2","0,4",0,,0,0,0,0,0,,"0,2","0,2",0,"0,23",,0,0,0,0,,0,0,,,"0,1",0,0,0,0,0,,0,0,0
13,ФИО_435,Аналитический контроль,100,"41,43","41,43",,20,"9,48",,"0,1","0,1","0,1",,"0,1",0,"0,08",,"0,3",,"0,2","0,4",,0,0,"0,2","0,2",,"0,3","0,2",,"0,2","0,7",,"0,2","0,4",,"0,2","0,3","0,15","0,15",0,,"0,6","1,2","0,6",0,0,"0,2",,"0,24",,"0,2","0,4","0,2","0,2","0,2",0,0,"0,11",,,"0,3",,"0,45",0,,0,0,0,0,0,,0,0,,20,"5,39",,"0,3",,"0,1","0,1",0,,"0,2",,0,"0,2",,"0,3","0,13","0,6",,"0,2","0,72","0,4",,,"0,1","0,4","0,1",0,0,,"0,2","0,4","0,05",,"0,2","0,09",0,,"0,4",0,0,0,0,0,"0,2",,,0,,,0,0,,0,,,0,0,0,0,,20,"8,78",,"0,2","0,2","0,15",,0,"0,2","0,1",,"0,15",,"0,2","0,1",,"0,2","0,2","0,2","0,27","0,6",,"0,1",,"0,2","0,25",,"1,2","0,4","0,16",0,"0,6",,"0,9","0,6","0,4","0,1",0,,"0,2","0,1","0,1","0,1",,"0,3","0,3",,,0,0,0,,0,0,,0,0,0,0,,20,"7,76",,"0,1",0,"0,1",,"0,2","0,2","0,17",,0,,"0,3","0,1",,0,0,"0,1","0,2",,"0,2","0,16",,"0,1",0,,0,"0,3","0,3","0,6",,"0,4","0,4",,"0,5",,"0,9",,,0,0,,0,0,,,"0,2","0,3","0,6",0,"0,33",,0,0,,0,0,0,,"0,3","0,7",0,0,0,0,,,20,"10,02",,"0,1","0,1",,"0,1",0,0,,"0,2",,"0,2",0,,"0,1","0,1","0,1","0,4","0,3",,"0,1","0,4","0,1","0,6","0,2","0,4","0,6",,"0,3","0,4","0,3","0,2","0,4","0,5","0,5",,0,0,0,0,0,,"0,3","0,3","0,2","0,47",,0,"1,75",0,"0,2",,0,0,,,"0,1",0,0,0,0,0,,0,0,0
14,ФИО_443,Аналитический контроль,100,"45,29","45,29",,20,"14,97",,"0,1","0,1","0,1",,"0,1",0,"0,09",,0,,"0,2","0,4",,0,"0,2","0,2","0,27",,"0,3","0,2",,"0,2","0,7",,"0,2","0,6",,"0,2","0,3","0,15","0,15","0,2",,"0,8","1,2","0,9","0,1","0,9","0,27",,"0,24",,"0,3","0,4","0,2","0,2",0,"0,3","0,4","0,15",,,"0,6",,"0,45","0,4",,"0,7","0,9","0,3","0,3",0,,0,0,,20,"8,36",,"0,3",,"0,1",0,"0,2",,0,,0,"0,2",,"0,2","0,03",1,,"0,1","0,72","0,4",,,"0,1","0,3","0,2","1,5","0,1",,"0,2",0,"0,05",,0,"0,12",1,,"0,4",0,"0,6",0,0,"0,3","0,24",,,0,,,0,0,,0,,,0,0,0,0,,20,"8,22",,"0,2","0,2","0,15",,"0,15","0,2","0,1",,"0,15",,"0,2","0,1",,"0,2",0,"0,2","0,27","0,8",,"0,1",,"0,2","0,25",,"0,8",0,"0,1","0,4","0,2",,"0,9","0,6",0,"0,1","0,5",,"0,3","0,2","0,1","0,1",,"0,15","0,3",,,0,0,0,,0,0,,0,0,0,0,,20,"5,63",,"0,1","0,1","0,1",,"0,2","0,2","0,23",,"0,3",,"0,3",0,,"0,1",0,"0,1","0,17",,"0,2","0,2",,"0,1","0,1",,0,"0,3","0,3","0,6",,0,0,,0,,"0,9",,,0,0,,0,0,,,"0,2","0,3","0,2",0,"0,33",,0,0,,0,0,0,,0,0,0,0,0,0,,,20,"8,11",,"0,1","0,1",,"0,1","0,2","0,33",,"0,2",,"0,2","0,2",,"0,1","0,1","0,1","0,36","0,3",,"0,1","0,4","0,1","0,8","0,2","0,4","0,6",,"0,2","0,4",0,"0,2","0,2","0,5","0,5",,0,0,0,0,0,,"0,3","0,3",0,"0,42",,0,0,0,0,,0,0,,,"0,1",0,0,0,0,0,,0,0,0
15,ФИО_501,Аналитический контроль,100,"27,67","27,67",,20,"7,35",,"0,1","0,1","0,1",,"0,1","0,1","0,15",,"0,3",,"0,2","0,4",,"0,2","0,2","0,2","0,33",,"0,3","0,2",,0,0,,0,"0,6",,"0,2",0,0,0,0,,"0,6","1,2",0,0,0,"0,27",,"0,12",,"0,2","0,4","0,2","0,2",0,"0,3",0,"0,08",,,0,,0,0,,0,0,0,0,0,,0,0,,20,"5,49",,"0,3",,"0,1",0,0,,"0,2",,"0,2","0,2",,"0,3","0,27","0,8",,"0,2","0,36","0,3",,,"0,1",0,0,0,"0,1",,"0,4","0,8",0,,0,0,0,,"0,4",0,0,0,0,"0,3","0,16",,,0,,,0,0,,0,,,0,0,0,0,,20,"5,32",,"0,2","0,2","0,15",,"0,15","0,2","0,1",,"0,15",,"0,2","0,1",,"0,2","0,2","0,2","0,27","0,8",,"0,1",,"0,2",0,,"0,4","0,4","0,1","0,4",0,,0,0,0,0,0,,"0,3","0,1","0,1","0,1",,0,0,,,0,0,0,,0,0,,0,0,0,0,,20,"3,55",,"0,1",0,"0,1",,"0,2","0,2","0,13",,"0,3",,"0,15","0,1",,"0,1",0,"0,1",0,,"0,2","0,2",,0,0,,0,0,"0,3",0,,"0,4","0,4",,0,,0,,,0,0,,0,0,,,"0,1",0,"0,2",0,"0,07",,"0,2",0,,0,0,0,,0,0,0,0,0,0,,,20,"5,96",,"0,1","0,1",,"0,1","0,2","0,23",,0,,"0,1","0,2",,"0,1","0,1","0,1",0,"0,3",,"0,1","0,4","0,1","0,4",0,"0,4","0,6",,"0,2","0,4","0,3","0,2",0,"0,4",0,,0,0,0,0,0,,"0,3","0,1","0,2","0,23",,0,0,0,0,,0,0,,,0,0,0,0,0,0,,0,0,0
16,ФИО_652,Аналитический контроль,100,"55,96","55,96",,20,"9,01",,"0,1","0,1","0,1",,"0,1","0,1","0,15",,0,,"0,2","0,4",,"0,2",0,"0,2","0,33",,"0,3","0,2",,"0,2","0,8",,"0,2","0,6",,"0,2","0,3",0,0,0,,"0,6","1,2","0,9","0,1",0,"0,13",,"0,28",,"0,2","0,4",0,0,0,"0,3",0,"0,12",,,0,,0,0,,0,0,0,0,0,,0,0,,20,"10,96",,"0,3",,"0,1","0,1","0,02",,0,,"0,2","0,2",,"0,4","0,19",1,,"0,2","0,72","0,4",,,"0,1","0,2","0,1","1,5","0,1",,"0,4","0,8","0,12",,"0,4","0,21",0,,"0,4","0,2","0,6",0,0,"0,3","0,4",,,1,,,"0,3",0,,0,,,0,0,0,0,,20,"13,67",,"0,2","0,2","0,15",,"0,15","0,2","0,22",,"0,15",,"0,2","0,1",,"0,2","0,2",0,"0,53","0,8",,"0,1",,"0,2","0,25",,"1,2","0,4","0,1","0,4","0,4",,"1,5",1,"0,4","0,1","0,5",,"0,3","0,1","0,1","0,12",,"0,3","0,3",,,1,1,"0,6",,0,0,,0,0,0,0,,20,"12,21",,"0,1","0,1","0,1",,"0,2","0,2","0,3",,0,,"0,3","0,1",,"0,1",0,"0,1","0,27",,"0,2","0,12",,"0,1","0,1",,"0,3",0,0,"1,8",,"0,4","0,4",,"0,5",,"0,9",,,"0,5","0,5",,"0,9","0,3",,,"0,3",0,"0,4",0,"0,67",,0,0,,"0,3",0,0,,"0,6","0,35","0,7",0,0,0,,,20,"10,11",,"0,1","0,1",,"0,1","0,2","0,28",,0,,"0,1",0,,"0,1",0,"0,1","0,2","0,4",,"0,1",0,"0,1","0,6","0,2","0,4","0,6",,"0,3","0,4","0,3","0,2","0,2","0,5","0,5",,0,0,0,0,0,,"0,3","0,2",0,"0,33",,"0,3","1,75",0,"0,4",,"0,35","0,4",,,0,0,0,0,0,0,,0,0,0
17,ФИО_656,Аналитический контроль,100,"78,15","78,15",,20,"17,36",,"0,1","0,1","0,1",,"0,1","0,1","0,13",,0,,"0,2","0,4",,"0,2","0,2","0,2","0,3",,"0,3","0,2",,"0,2","0,7",,"0,2","0,6",,"0,2","0,3","0,15","0,15","0,2",,"0,8","1,2","0,9","0,1","0,9","0,1",,"0,24",,"0,3","0,4","0,2","0,2","0,2",0,0,"0,19",,,"0,3",,"0,9","0,4",,"0,7","0,9","0,3","0,6","0,6",,"0,7","0,9",,20,"14,49",,"0,3",,"0,1","0,1","0,2",,0,,"0,2","0,2",,"0,3","0,27",1,,"0,1","0,96","0,3",,,"0,1","0,4","0,2",1,"0,1",,"0,4","0,8","0,23",,"0,4","0,23","1,4",,"0,4",0,"0,6","0,2","0,2",0,"0,4",,,1,,,"0,3","1,1",,1,,,0,0,0,0,,20,"11,68",,"0,2","0,2","0,15",,"0,15","0,2","0,2",,"0,15",,"0,2","0,1",,"0,2","0,2","0,2","0,48","0,8",,"0,1",,"0,2","0,25",,"1,2","0,4","0,1","0,4","0,6",,"1,5",1,"0,4","0,1",0,,"0,2","0,1","0,1","0,1",,0,0,,,1,"0,5",0,,0,0,,0,0,0,0,,20,"16,51",,"0,1","0,1","0,1",,"0,2","0,2","0,33",,"0,3",,"0,3","0,1",,"0,1","0,1","0,1","0,3",,"0,2","0,2",,"0,1","0,1",,"0,3",0,"0,3","1,8",,"0,4","0,4",,"0,5",,"0,9",,,"0,5","0,5",,"0,9","0,9",,,"0,2",0,"0,4",0,"0,53",,"0,2","0,2",,0,1,"0,2",,"0,6","0,7","0,7","0,1",1,"0,35",,,20,"18,11",,"0,1","0,1",,"0,1","0,2","0,47",,"0,2",,"0,2",0,,"0,1","0,1","0,1","0,32","0,4",,"0,1","0,4","0,1","0,6","0,2","0,4","0,6",,"0,3","0,4","0,3","0,2","0,4","0,5","0,5",,"0,4","0,6",1,"0,4","0,15",,"0,3","0,3",0,"0,37",,0,"1,75",0,"0,6",,"0,35","0,4",,,"0,1","0,5","0,5","0,5","0,5","0,4",,"0,4","0,6","0,6"
18,ФИО_673,Аналитический контроль,100,"40,93","40,93",,20,"9,44",,"0,1","0,1","0,1",,"0,1","0,1","0,13",,0,,"0,2","0,4",,"0,2","0,2",0,"0,23",,"0,3","0,2",,"0,2","0,8",,"0,2","0,6",,"0,2","0,3","0,15","0,15","0,2",,"0,8","1,2","0,9","0,1",0,"0,33",,"0,28",,"0,2",0,0,0,0,0,"0,4","0,07",,,0,,0,0,,0,0,0,0,0,,0,0,,20,"8,33",,"0,3",,"0,1","0,1",0,,0,,0,"0,2",,"0,2",0,1,,"0,1","1,08","0,4",,,"0,1","0,3","0,1",1,0,,"0,4","0,4","0,23",,"0,2","0,12",0,,"0,2",0,"0,6","0,2",0,0,"0,2",,,"0,8",,,0,0,,0,,,0,0,0,0,,20,"10,42",,"0,2","0,2","0,15",,"0,15","0,2","0,1",,"0,15",,"0,2","0,1",,"0,2","0,2","0,2","0,27","0,8",,"0,1",,"0,2",0,,"0,4",0,0,"0,4","0,6",,"1,5",1,"0,4",0,0,,"0,3","0,2","0,1","0,1",,0,0,,,1,0,0,,1,0,,0,0,0,0,,20,"6,93",,"0,1","0,1","0,1",,"0,2","0,2","0,03",,0,,"0,3","0,1",,0,0,"0,1","0,17",,"0,2","0,16",,"0,1","0,1",,"0,3","0,3",0,"0,6",,0,"0,4",,0,,"0,9",,,0,0,,"0,9","0,6",,,0,0,"0,4",0,"0,27",,0,0,,0,0,0,,"0,3",0,0,0,0,0,,,20,"5,81",,"0,1","0,1",,"0,1","0,2",0,,0,,"0,1",0,,"0,1","0,1","0,1","0,08","0,4",,"0,1",0,"0,1","0,4","0,2","0,4","0,6",,"0,2","0,4","0,3","0,2","0,2","0,5","0,5",,0,0,0,0,0,,0,"0,1",0,"0,23",,0,0,0,0,,0,0,,,0,0,0,0,0,0,,0,0,0
19,ФИО_680,Аналитический контроль,100,"46,31","46,31",,20,"10,14",,"0,1","0,1","0,1",,"0,1",0,"0,08",,0,,"0,2","0,4",,"0,2",0,"0,2","0,33",,"0,3","0,2",,"0,2","0,8",,"0,2","0,6",,"0,2","0,3","0,15","0,15","0,2",,"0,6","1,2","0,9","0,1",0,"0,23",,"0,32",,"0,2","0,4","0,2","0,2",0,"0,3",0,"0,08",,,"0,3",,0,0,,0,0,0,0,0,,0,0,,20,"4,78",,"0,3",,"0,1","0,1","0,02",,0,,"0,2","0,2",,"0,4",0,"0,6",,"0,1","0,36","0,4",,,0,"0,3","0,1",0,"0,1",,0,"0,8",0,,0,0,0,,"0,2",0,0,0,0,"0,3","0,2",,,0,,,0,0,,0,,,0,0,0,0,,20,"16,23",,"0,2","0,2","0,15",,0,"0,2","0,1",,0,,"0,2","0,1",,"0,2","0,2","0,2","0,27","0,8",,"0,1",,"0,2","0,25",,"0,8",0,"0,16",0,"0,6",,"0,9","0,6","0,4","0,1","0,5",,"0,3","0,2","0,1","0,1",,"0,3","0,3",,,1,1,"0,6",,1,1,,"0,6","0,5",0,"1,8",,20,"7,34",,"0,1","0,1","0,1",,"0,2","0,2","0,2",,"0,3",,"0,15","0,1",,"0,1",0,"0,1","0,13",,"0,2","0,16",,"0,1",0,,0,"0,3","0,3","0,6",,0,"0,4",,0,,"0,9",,,0,0,,0,0,,,"0,2","0,3","0,2",0,"0,4",,"0,2",0,,0,0,0,,"0,6","0,7",0,0,0,0,,,20,"7,82",,"0,1","0,1",,"0,1","0,2","0,23",,"0,2",,"0,1","0,2",,"0,1",0,0,"0,36","0,3",,"0,1","0,4",0,"0,6","0,2","0,4","0,6",,"0,3","0,4","0,3","0,2","0,4","0,5","0,5",,0,0,0,0,0,,"0,2","0,1","0,2","0,33",,0,0,0,0,,0,0,,,"0,1",0,0,0,0,0,,0,0,0
20,ФИО_710,Аналитический контроль,100,"50,09","50,09",,20,"8,9",,"0,1","0,1","0,1",,"0,1","0,1","0,04",,0,,"0,2","0,4",,"0,2","0,2",0,"0,23",,"0,3","0,2",,"0,2","0,8",,"0,2","0,4",,"0,2","0,2",0,0,0,,"0,8","1,2","0,9","0,1",0,"0,23",,"0,12",,"0,2","0,4",0,"0,2",0,0,"0,4","0,08",,,0,,0,0,,0,0,0,0,0,,0,0,,20,"14,68",,"0,3",,"0,1","0,1","0,1",,0,,0,"0,2",,"0,4","0,24",1,,"0,1","1,08","0,4",,,"0,1","0,4","0,1","1,25","0,1",,"0,4","0,8","0,33",,"0,4","0,33","1,4",,"0,2","0,2","0,6","0,2","0,4",0,"0,6",,,1,,,"0,3","0,55",,1,,,0,0,0,0,,20,"8,68",,"0,2","0,2","0,15",,"0,15","0,2","0,1",,0,,"0,2","0,1",,"0,2","0,2","0,2","0,53","0,8",,"0,1",,"0,2","0,25",,"0,4",0,"0,1","0,4","0,4",,"1,2","0,8","0,4","0,1","0,5",,"0,3","0,1","0,1","0,1",,0,0,,,0,0,0,,0,0,,0,0,0,0,,20,"9,6",,"0,1","0,1","0,1",,"0,2","0,2","0,07",,0,,"0,3","0,1",,"0,1",0,"0,1","0,27",,"0,2","0,16",,"0,1","0,1",,"0,3","0,3","0,3","1,8",,"0,4","0,4",,"0,5",,"0,9",,,0,0,,0,0,,,"0,2",0,"0,4",0,"0,6",,0,0,,0,0,0,,"0,6","0,7",0,0,0,0,,,20,"8,23",,"0,1","0,1",,"0,1","0,2","0,19",,0,,"0,2","0,2",,"0,1","0,1","0,1","0,36","0,4",,"0,1","0,4","0,1","0,8","0,2","0,4","0,6",,"0,2","0,4","0,3","0,2","0,2","0,4","0,5",,0,0,0,0,0,,"0,3","0,1","0,2","0,28",,"0,3",0,0,0,,0,0,,,"0,1",0,0,0,0,0,,0,0,0
